NumPage,NumLot,MarkerNew,LotName,ShopRating,CountReviews,Born(mm/yyyy),ODO km,PriceEur,NetPriceEur
1,1,-,Mercedes-Benz GLC 220 d 9G 4Matic Exclusive LED NIGHT NAVI,4.5 ,152,03/2018,93736,22990,19319
1,2,Новое,Mercedes-Benz GLC 220 d 4Matic 1.HAND/LED/ILS/PDC/SHZ/NAVI,4.9 ,43,07/2017,120000,27500,23109
1,3,Новое,Mercedes-Benz GLC 220 d 4Matic Navi Park Paket,4.5 ,17,10/2017,100000,28800,28800
1,4,-,Mercedes-Benz GLC 220 d 4MATIC *LED*EasyPack*Totwinkel*Navi*,4.9 ,193,07/2017,106987,28880,24269
1,5,-,Mercedes-Benz GLC 220 d 4Matic 9G Navi LED AHK SHZ ,4.3 ,262,12/2017,121282,28890,24277
1,6,-,Mercedes-Benz GLC 220 d 4Matic LED  Navi SHZ Exclusive,5 ,21,08/2017,106500,28900,28900
1,7,-,Mercedes-Benz GLC 220 d 4MATIC*AMG LINE*COMAND*ALCANTARA*,4.5 ,50,03/2018,32000,28900,28900
1,8,-,Mercedes-Benz GLC 220 d 4Matic/AMG /Panorama/ 20''Räder,4.5 ,13,10/2018,123448,28900,24286
1,9,-,Mercedes-Benz GLC 220 d 4MATIC,3.7 ,23,09/2017,80272,28990,24361
1,10,-,Mercedes-Benz GLC 220 d 4MATIC,3.5 ,37,09/2017,80272,28990,24361
2,1,-,Mercedes-Benz GLC 220 d 4Matic 9G-TRONIC,0,0,03/2017,119000,29500,29500
2,2,-,Mercedes-Benz GLC 220 d 4M Exclusive Navi AHK SHZ Memory,4.3 ,31,10/2017,113441,29525,29525
2,3,-,Mercedes-Benz GLC 220d 4M+Navi+PARKTRONIC+Tempo+Klima+LED+SHZ,4.7 ,311,05/2017,88475,29689,24949
2,4,-,Mercedes-Benz GLC 220 d 4Matic Autom Comand Kom.Paket Top,4.8 ,89,10/2017,48560,29800,29800
2,5,-,Mercedes-Benz GLC 220 d 4Matic EXCLUSIVE Autom.,4.3 ,95,10/2017,110277,29900,25126
2,6,-,Mercedes-Benz GLC 220 d 4MATIC AMG Interieur,4.8 ,20,06/2017,113000,29900,29900
2,7,-,Mercedes-Benz GLC 220 d 4Matic*NAVI*LED*AHK*PDC*,3.9 ,11,09/2017,123000,29900,29900
2,8,Новое,Mercedes-Benz GLC 220 d 4M LED AHK Navi PTS 9G Sitzh Chromp,4.3 ,70,11/2017,111556,29990,25202
2,9,-,Mercedes-Benz GLC 220 d 4M / NAVI / LED / Park Assist / KAMERA,4.5 ,48,09/2018,117489,29990,25202
2,10,-,Mercedes-Benz GLC 220 d 4Matic Exclusive,4.7 ,29,03/2018,92500,29990,29990
3,1,-,Mercedes-Benz GLC 220 d 4M EXCLUSIVE*ACC*NAVI*AHK*KEYLESS-S,4.1 ,176,01/2018,90000,29999,25209
3,2,-,Mercedes-Benz GLC 220 d 4Matic 9G-TRONIC,0,0,09/2018,65800,30000,30000
3,3,-,Mercedes-Benz GLC 220 d 4Matic*9G*1HD*EUR6*COMAND*KAMERA*AHK,4.9 ,170,12/2018,110700,30300,25462
3,4,-,Mercedes-Benz GLC 220 d AMG Line 4Matic Burmester|StHz,4.5 ,111,11/2017,124399,30424,25566
3,5,-,Mercedes-Benz GLC 220d 4Matic,5 ,45,03/2017,91000,30490,30490
3,6,-,Mercedes-Benz GLC 220 d 4M- NAVI KAM StHz,4.3 ,262,08/2018,93281,30589,25705
3,7,Новое,Mercedes-Benz GLC 220 d 4Matic 9G-Navi ILS KAM AHK,4.3 ,262,09/2017,73154,30789,25873
3,8,-,Mercedes-Benz GLC 220 d 4Matic*NAVIGATION*PDC*SHZ*ALU*,4.4 ,62,05/2017,123900,30790,25874
3,9,-,Mercedes-Benz GLC 220 d 4Matic LED*18*AHK*STHZG*ACC*Park*Tempo,3.9 ,121,08/2017,77380,30890,30890
3,10,-,Mercedes-Benz GLC 220 d 4Matic 9G Exclusive AHK NAVI LED PTS,4.6 ,8,11/2017,112945,30900,25966
4,1,-,Mercedes-Benz MERCEDES-BENZ GLC 220 d 4Matic Business         ,0,0,05/2018,95000,30900,30900
4,2,-,Mercedes-Benz GLC 220 d 4M Exclusive 9G AHK Distr LED Navi Kam,4.6 ,34,05/2018,115000,30920,25983
4,3,-,Mercedes-Benz GLC 220 d 4M Exclusive/Navi/LED/AHK/Totwinkel BC,4.6 ,50,07/2017,123500,30950,26008
4,4,-,Mercedes-Benz GLC 220 d 4M Exclusive Leder Navi LED Distronic+,4.1 ,492,07/2018,104074,30980,26034
4,5,-,Mercedes-Benz GLC 220 d 4Matic Navi Automatik PDC Klima,4.8 ,19,12/2017,84370,30999,26050
4,6,-,Mercedes-Benz GLC 220d Exclusive 4M Navi|Kamera|Sitzhzg,4.1 ,218,08/2017,71511,31330,26328
4,7,-,Mercedes-Benz GLC 220 d 4M Navi Kamera Pano AHK LED Sitzh. PDC,4.4 ,22,08/2017,117279,31490,26462
4,8,-,Mercedes-Benz GLC 220 d 4MATIC EXCLUSIVE Autom. S-H/NAV/AHK/LM,4.8 ,101,08/2017,103200,31490,31490
4,9,-,Mercedes-Benz GLC 220d 4Matic Exclusive *LED*NAV*Standhzg*RFK,4.8 ,19,05/2017,86714,31490,26462
4,10,Новое,Mercedes-Benz Mercedes GLC 220 d 4matic 9tronic AHK,0,0,02/2018,119000,31500,31500
5,1,-,Mercedes-Benz GLC 220d 4Matic*LED*Navi*360 °-Kamera*Abst.Temp,4.7 ,20,10/2017,73300,31500,31500
5,2,-,Mercedes-Benz GLC 220 D Panorama LED AHK Kamera Sound 20Zoll,4.5 ,17,12/2017,100000,31700,31700
5,3,-,Mercedes-Benz GLC 220 d 4M Spur-P. Kamera Navi HUD AHK LED SHZ,4.6 ,6,10/2018,96100,31720,31720
5,4,-,Mercedes-Benz GLC 220 d 4M Distronic Navi LED Spurh-Totw. SHZ,4.7 ,39,05/2018,98750,31790,26714
5,5,-,Mercedes-Benz GLC 220 d Exclusive Navi*18*LED*Park*Tempo,3.9 ,121,07/2017,77339,31870,26782
5,6,-,Mercedes-Benz GLC 220 d 4M AMG*NIGHT*AHK*STANDHEIZ*LED*A,0,0,11/2017,111352,31879,26789
5,7,-,Mercedes-Benz GLC 220d*4MATIC*Exclusive*COMAND* 9-Gang*8-fach*,4.9 ,106,10/2017,111516,31885,26794
5,8,Новое,Mercedes-Benz GLC 220 d 4Matic Avantgarde Navi AHK Lack-Mat,3.5 ,10,11/2017,116000,31900,27034
5,9,-,Mercedes-Benz MERCEDES-BENZ GLC 220 d 4Matic Sport Navi,0,0,06/2017,52968,31900,31900
5,10,-,Mercedes-Benz MERCEDES-BENZ GLC 220 d 4Matic Exclusive COMAND,0,0,09/2017,64117,31900,26148
6,1,-,Mercedes-Benz GLC 220d 4Matic AMG*LED*PANO*SHZ*LEDER*NAVI*KAM,4.6 ,10,03/2018,90000,31900,26807
6,2,-,Mercedes-Benz GLC 220 d 4Matic*Navi*Klima*Vollleder*,4.4 ,12,06/2017,95123,31950,26849
6,3,-,Mercedes-Benz GLC 220 d 4Matic Comand*LED*Leder*Kamera*Chrom,3.9 ,121,07/2018,87072,31950,26849
6,4,-,Mercedes-Benz GLC 220 d DAB LED Standhzg. RFK el. Sitze,4.9 ,58,04/2019,104110,31980,31980
6,5,-,Mercedes-Benz GLC 220  d 4Matic AHK ALU AH NAVI,4.8 ,112,12/2017,84400,31990,31990
6,6,-,Mercedes-Benz GLC 220 d 4MATIC*9G-TR*LED*COMAND*KAMERA*AHK*,4.5 ,48,02/2019,100000,31990,26882
6,7,Новое,Mercedes-Benz GLC 220 d 4Matic Leder Nav LED DIS Keyles Kamera,4.6 ,3,11/2017,125000,31999,26890
6,8,-,Mercedes-Benz GLC 220 d 4M-PANO Comand LED KAM StHz,4.3 ,262,11/2018,77797,32289,27134
6,9,-,Mercedes-Benz GLC 220 d 4M EXCLUSIVE,4.8 ,30,01/2017,105200,32380,32380
6,10,-,Mercedes-Benz GLC 220 d 4M LED Navi PTS 9G Sitzh Temp,4.3 ,67,06/2018,87999,32390,27218
7,1,-,"Mercedes-Benz GLC 220 d 4M LUXURY""AIRMATIC""STNDHZG""AHK""RK""ACC""",4.9 ,161,01/2017,124000,32390,32390
7,2,-,Mercedes-Benz GLC 220 d 4M Navi AHK SHZ el.Heck Memory,5 ,21,06/2018,95600,32425,27248
7,3,-,Mercedes-Benz GLC 220 d 4Matic+Exclusive+LED ILS+Comand+Kamera,4.6 ,32,02/2019,121430,32450,27269
7,4,-,Mercedes-Benz GLC 220 d 4M LED+KAMERA+PTS+SHZ+KLIMA+EASY-PACK+,4 ,144,09/2017,67290,32470,27286
7,5,Новое,Mercedes-Benz GLC 220 d 4Matic LED! Fahrassistenz-Systeme!,4.8 ,66,01/2018,68173,32490,32490
7,6,-,Mercedes-Benz GLC 220 d 4MATIC AMG Line *KAMERA*,4.5 ,64,04/2017,108800,32490,27303
7,7,-,Mercedes-Benz Mercedes-Benz GLC 220 d 4Matic 9G-TRONIC P...,0,0,08/2017,117000,32500,32500
7,8,-,"Mercedes-Benz GLC 220 d 4M AHK+DISTRONIC+LED+NAVI+KAMERA+17""LM",4.7 ,81,11/2018,99619,32669,27453
7,9,-,Mercedes-Benz GLC 220 d 4Matic 9G Navi HuD LED SHZ,4.3 ,262,08/2018,65019,32689,27470
7,10,-,Mercedes-Benz GLC 220 d 4Matic Exclusive Line *1.HAND-AHK-LED*,4.8 ,43,09/2018,124867,32880,27630
8,1,-,Mercedes-Benz GLC 220d 4Matic Exclusive Leder Panorama Sitzh,4.3 ,70,06/2018,108558,32880,27630
8,2,-,Mercedes-Benz GLC 220 d 4M Exclusive Night AHK Standhz. Navi K,4.4 ,51,07/2018,79987,32885,27634
8,3,-,Mercedes-Benz GLC 220d AMG Line 4Matic AHK Kamera LED Standh.,4.3 ,70,11/2017,119997,32890,27639
8,4,-,Mercedes-Benz GLC 220d 4Matic Exclusive AHK Leder LED Kamera,4.3 ,70,09/2018,124987,32890,27639
8,5,-,Mercedes-Benz GLC 220d 4Matic Exclusive AHK LED Leder Kamera,4.3 ,70,10/2018,124968,32890,27639
8,6,-,Mercedes-Benz GLC 220 d 4Matic *Exclusive* 1-Hand,4.7 ,122,08/2017,87000,32899,27646
8,7,-,Mercedes-Benz Mercedes-Benz GLC  220 d 4Matic Business,0,0,09/2018,114000,32900,26967
8,8,-,Mercedes-Benz GLC 220 d 4Matic+PANORAMA*AMG*LED*KAM*HED*BRUMES,4.6 ,10,08/2018,79800,32900,27647
8,9,-,Mercedes-Benz GLC 220 d 4Matic PANODACH-NAVI+KAMERA+KEYLESS-GO,4.5 ,67,12/2017,61299,32900,27647
8,10,-,Mercedes-Benz GLC 220 d 4Matic *AMG*Exclusive*1.Hd*LED*,4.1 ,11,11/2018,124100,32900,27647
9,1,-,Mercedes-Benz GLC 220 d 4Matic 9G-TRONIC,0,0,01/2018,37510,32900,32900
9,2,-,Mercedes-Benz GLC 220 d *4Matic*AMG-Line*Distronic*AHK*LED*,4.5 ,34,08/2017,110512,32900,27647
9,3,-,Mercedes-Benz GLC 220 d 4Matic Navi Airmatik Luftfederung LED ,4.2 ,24,07/2017,64031,32900,32900
9,4,-,Mercedes-Benz GLC 220d 4M HUD/COMAND/Distr/Kamera/Standhzg/AHK,4.8 ,11,09/2017,114371,32963,27700
9,5,-,Mercedes-Benz GLC 220 d 4M Exclusive AMG LED Kamera Navi EDW,4 ,203,07/2018,73527,32970,27706
9,6,-,Mercedes-Benz GLC 220 d 4M AMG+GR. NAVI+R.KAMERA+SPUR-PKT+LED,4.6 ,20,11/2018,99985,32979,32979
9,7,-,Mercedes-Benz GLC 220 d 4M KAMERA LM-18'' GARMIN NAVI LED PDC,4.8 ,20,07/2017,65712,32979,32979
9,8,-,Mercedes-Benz GLC 220 d 4MATIC +DISTRONIC+NAVI+DAB+LED+PTS+AHK,4.7 ,34,10/2017,80900,32980,27714
9,9,Новое,Mercedes-Benz GLC 220 d 4Matic Exclusive T-Leder Navi Kamera,4.8 ,215,10/2017,96964,32990,32990
9,10,-,Mercedes-Benz GLC 220 d 4Matic 9G-TRONIC,4.9 ,7,01/2019,95000,32990,27723
10,1,Новое,Mercedes-Benz GLC 220 d 4Matic 9G-Tronic*Exclusive*1.Hd*,4.9 ,50,11/2018,98500,32999,27730
10,2,-,Mercedes-Benz GLC 220 d Exclusive 4Matic +NAVI+KAMER+TEMPOMAT+,4.6 ,19,09/2017,61015,33210,27908
10,3,-,Mercedes-Benz GLC 220 d Exclusive 4Matic +NAVI+KAMER+TEMPOMAT+,4.2 ,9,09/2017,61015,33210,27908
10,4,-,Mercedes-Benz GLC-Klasse GLC 220 d 4-Matic LED Navi AHK Stdhzg,4.6 ,27,02/2017,78788,33297,33297
10,5,-,Mercedes-Benz GLC 220 d 4MATIC EXCLUSIVE COMAND LED,4.5 ,135,09/2018,77700,33350,28025
10,6,-,Mercedes-Benz GLC 220 d 4MATIC Kamera+Navi+Parktronic+Sitzhei.,4.8 ,14,10/2018,85183,33369,28041
10,7,-,Mercedes-Benz GLC 220 d 4MATIC Exclusive/LED/Navi/PDC,4.7 ,17,08/2017,49556,33400,33400
10,8,-,"Mercedes-Benz GLC 220 4M 2x AMG Line Pano Distr.+ 19"" LED Navi",4 ,305,08/2017,97954,33480,28134
10,9,-,Mercedes-Benz GLC 220d 4Matic Navi LED SiHz PDC Tempo eHeckkl.,4.6 ,19,05/2019,81110,33480,28134
10,10,-,Mercedes-Benz GLC 220 d 4M Offroad Pano ILS LED AHK Kamera SHZ,4.3 ,47,06/2018,100630,33490,28143
11,1,-,Mercedes-Benz MERCEDES-BENZ GLC 220 d 4Matic Executive NAVI + ,0,0,10/2018,88000,33500,33500
11,2,-,Mercedes-Benz MERCEDES-BENZ GLC 220 d 4Matic Business NAVI TUA,0,0,01/2018,102110,33500,27459
11,3,Новое,Mercedes-Benz GLC 220 d 4M Comand,4.9 ,86,10/2018,101405,33550,28193
11,4,-,Mercedes-Benz GLC 220 d 4M Exclusive*Distronic*AHK*Kamera*LED+,4.8 ,42,07/2017,84783,33700,28319
11,5,-,Mercedes-Benz GLC 220 d 4M Exclusive*Distronic*AHK*Kamera*LED+,4.5 ,76,07/2017,84783,33700,28319
11,6,-,Mercedes-Benz GLC 220 d 4M Exclusive*Distronic*AHK*Kamera*LED+,4.9 ,62,07/2017,84783,33700,28319
11,7,-,Mercedes-Benz Verkaufe Mercedes Benz GLC 220d 4Matic 9G ...,0,0,05/2017,108000,33750,33750
11,8,Новое,Mercedes-Benz GLC 220 d 4M Exclusive-Ext. AHK/360°Kamera/Keyle,4.3 ,34,03/2018,123350,33777,28384
11,9,-,Mercedes-Benz GLC 220d 4MATIC Autom. / NAVI / AHK / GEPFLEGT,4.4 ,12,03/2017,77300,33790,33790
11,10,-,Mercedes-Benz GLC 220 d 4M Fahrassi P Comand AHK R-Kam LED 9Gg,4.5 ,77,09/2018,79388,33799,28403
12,1,-,Mercedes-Benz GLC 220 d 4Matic EXCLUSIVE*COMAND*DISTRONIC*LED,4.8 ,8,03/2018,108800,33799,28403
12,2,-,Mercedes-Benz GLC 220 d 4M Exclusive+AMG in+LEDHi+Navi+PTS+19',4.4 ,62,07/2017,85000,33799,28403
12,3,-,Mercedes-Benz GLC 220 d 4M Standhz Kamera Navi LED SHZ el.Heck,5 ,8,08/2018,72100,33830,28429
12,4,-,Mercedes-Benz GLC 220 d Aut. 4M AMG Line LED PanoD ParkP SHZ,4.6 ,51,04/2018,109000,33830,28429
12,5,-,Mercedes-Benz GLC 220 d Aut. 4M AMG Line LED PanoD ParkP SHZ,4.5 ,31,04/2018,109000,33830,28429
12,6,-,Mercedes-Benz GLC 220 d Aut. 4M AMG Line LED PanoD ParkP SHZ,4.6 ,50,04/2018,109000,33830,28429
12,7,-,Mercedes-Benz GLC 220 d Aut. 4M AMG Line LED PanoD ParkP SHZ,4.5 ,118,04/2018,109000,33830,28429
12,8,-,Mercedes-Benz GLC 220 d 4M AMG line/Navi/ILS-LED/Kamera/1.Hand,4.8 ,182,06/2018,111686,33840,28437
12,9,-,Mercedes-Benz GLC 220 d 4M *AMG*Night*LED*Kamera*Navi*Sitzhzg*,4.6 ,23,11/2018,106095,33849,28445
12,10,-,Mercedes-Benz GLC 220 d 4M *AMG*LED*Navi*9G-TRONIC*Sitzheizg*,4.9 ,8,04/2019,99700,33849,28445
13,1,-,Mercedes-Benz GLC 220 d 4MATIC Autom. Xenon Bluetooth PDC MP3 ,4.2 ,4,11/2017,105000,33860,28454
13,2,Новое,Mercedes-Benz GLC 220 d Panorama*Navi*LED*Leder*Ahk*Exclusive,3.9 ,121,08/2017,69980,33880,28471
13,3,Новое,Mercedes-Benz GLC 220 d 4M LED Navi PTS 9G Sitzh Sitzkomfort,3.9 ,94,09/2017,56859,33890,28479
13,4,-,Mercedes-Benz GLC 220d DPF 9G-TRONIC 4MATIC * EXCLUSIVE EXTERI,4.1 ,45,07/2017,90600,33890,28479
13,5,-,Mercedes-Benz GLC 220 d 4MATIC 9G-TRO*AMG*DISTRONIC*COMAND*LED,4.9 ,19,03/2019,109000,33900,28487
13,6,-,Mercedes-Benz GLC 220 d 4Matic ~AUT~Night-Pak~Kamera~Navi~PDC,4.5 ,60,05/2019,31717,33900,33900
13,7,-,Mercedes-Benz MERCEDES-BENZ GLC 220 d 4Matic,0,0,10/2018,28000,33900,27787
13,8,-,Mercedes-Benz GLC 220d 4MATIC Aut.*LED*NAVI*SITZHEIZUNG*EIN...,0,0,05/2017,105000,33900,33900
13,9,-,Mercedes-Benz GLC 220 d 4Matic 2x AMG Navi LED  Leder 19Zoll,4.5 ,6,06/2018,69700,33900,28487
13,10,Новое,Mercedes-Benz GLC 220 d 4Matic Off-Road-Styling-Paket+Comand,4.6 ,22,01/2019,70000,33900,28487
14,1,-,Mercedes-Benz GLC 220 d 4M Kamera Pano Comand HUD EDW Distroni,4.8 ,22,10/2017,88200,33949,28529
14,2,-,Mercedes-Benz GLC 220 d 4Matic AMG Line LED/ILS/COMAND,4.4 ,69,04/2018,86163,33950,28529
14,3,-,Mercedes-Benz GLC 220 d 4M Exclusive +AHK+Navi+LED+360°+AMG+,4.9 ,14,01/2018,94500,33970,28546
14,4,-,Mercedes-Benz GLC 220 d 4Matic AHK,4.5 ,98,09/2018,98000,33990,28563
14,5,-,Mercedes-Benz GLC 220 d 4M EXCLUSIVE Autom AHK Kamera LED,4.8 ,112,12/2017,74000,33990,33990
14,6,-,Mercedes-Benz GLC 220 d 4Matic Excl NAVI LED PDC KAM E-KLAP,4.7 ,22,04/2017,50656,33990,33990
14,7,-,Mercedes-Benz GLC220d 4M LED NAVI AHK KAMERA KLIMAAUT ,4.5 ,12,05/2017,68954,33990,33990
14,8,-,Mercedes-Benz GLC 220d 4Matic*Headup*LED*Kam360*AHK*TOP,4.1 ,15,02/2018,99921,33991,28564
14,9,-,Mercedes-Benz GLC 220d 4Matic 9G AMG Line LED~KAMERA~PANORAMA~,4.1 ,71,11/2017,65000,33999,33999
14,10,-,Mercedes-Benz GLC 220 d 4MATIC Business Solution | NAVI | kame,4.6 ,26,06/2018,45347,34104,34104
15,1,-,Mercedes-Benz GLC 220 d 4Matic AHK|ACC|Lane|BLIS|LED|Key|Navi,4.5 ,111,06/2019,86493,34145,28693
15,2,-,Mercedes-Benz GLC 220 d 4M Exclusive AHK Navi SHZ Einparkh. Pa,4.5 ,46,11/2018,49750,34290,28815
15,3,Новое,Mercedes-Benz GLC 220 d 4M Burmester/Distronic/AHK/LED/Kamera,4.7 ,12,03/2019,88500,34350,28866
15,4,-,Mercedes-Benz GLC 220 d 4Matic 9G-TRONIC,0,0,06/2018,98000,34400,34400
15,5,-,Mercedes-Benz GLC 220d 4Matic Off-Road LED Leder in Beige NAVI,4.4 ,63,05/2017,48965,34700,29160
15,6,-,Mercedes-Benz GLC 220 d AMG Line 4Matic AHK 360° HuD LED Navi,4.5 ,28,08/2018,84807,34719,29176
15,7,Новое,Mercedes-Benz GLC 220 d 4M Exclusive Comand AHK LED SHZ,4.6 ,6,01/2019,84700,34725,29181
15,8,-,Mercedes-Benz GLC 220 d 4Matic 9G-TRONIC *TOP ZUSTAND*,0,0,09/2018,120500,34750,34750
15,9,-,Mercedes-Benz GLC 220 d 4MATIC EXCL*AHK*COM*DISTR+*STHZG*R-KAM,4.7 ,18,03/2018,95840,34750,29202
15,10,Новое,Mercedes-Benz GLC 220 d AHK LED Navi SHZ Einparkh. Parkassist.,4.5 ,95,08/2018,38625,34790,29235
16,1,-,Mercedes-Benz GLC 220 d 4M Exclusive Navi LED Kamera SHZ Tempo,4.3 ,36,05/2018,83399,34790,29235
16,2,-,Mercedes-Benz GLC 220 d 4M Exclusive Navi LED Kamera SHZ Tempo,4.6 ,41,05/2018,83399,34790,29235
16,3,-,Mercedes-Benz GLC 220 d 4MATIC EXCLUSIVE AHK+LED+PANORAMADACH+,4.5 ,6,01/2017,88000,34790,34790
16,4,-,Mercedes-Benz GLC 220 d 4Matic Exclusive HUD+COMAND+KAM+PANO,3.9 ,304,03/2017,34500,34799,29243
16,5,-,Mercedes-Benz GLC 220 d 4M AMG LED AHK Night Kamera Navi 9G,3.9 ,8,07/2019,101569,34870,29303
16,6,Новое,Mercedes-Benz GLC 220d 4Matic Exclusive Line LED Navi Kamera,4.3 ,70,12/2017,59865,34880,29311
16,7,-,Mercedes-Benz GLC 220 d 4MATIC LED+AHK+Standhz+Kamera+Navi+PDC,4.6 ,20,04/2017,98000,34889,29318
16,8,-,Mercedes-Benz GLC 220 d 4M Burmest+Memory+StaHzg+Kam+Navi+18'',4.4 ,62,03/2019,70000,34889,29318
16,9,-,Mercedes-Benz GLC 220 d 4M Exclusive+Night+Navi+AHK+Pano+Totw.,4.8 ,14,08/2017,66800,34899,34899
16,10,Новое,Mercedes-Benz GLC 220 d Exclusive LED Navi KeyL AHK RCam el.He,4.8 ,251,11/2018,47000,34900,29328
17,1,Новое,Mercedes-Benz GLC 220 d * LEDER * NAVI * 18 ZOLL * 1.HAND,5 ,60,10/2018,88000,34900,29328
17,2,-,Mercedes-Benz GLC 220 d 4Matic 9G-TRONIC Exclusive,4.8 ,34,07/2018,78500,34900,34900
17,3,Новое,Mercedes-Benz GLC 220d 4M Navi,4.4 ,132,04/2019,75715,34900,29328
17,4,-,Mercedes-Benz GLC 220d 4Mat 9G NAVI Rfkam Park/Spiegel Paket,4.9 ,107,08/2018,103000,34910,34910
17,5,-,Mercedes-Benz MERCEDES-BENZ GLC 220 d 4Matic Sport - CONSEGNA ,0,0,05/2018,89920,34949,34949
17,6,-,Mercedes-Benz GLC 220 GLC -Klasse GLC 220 d 4Matic,5 ,5,07/2017,80000,34950,34950
17,7,-,Mercedes-Benz GLC 220 d 4M Exclusive / LED / AHK / Navi u.v.m.,4.7 ,26,01/2018,65682,34969,29386
17,8,-,Mercedes-Benz GLC 220 d 4M +DISTRONIC + STANDHZG+ COMAND + LED,4.7 ,34,07/2018,91400,34980,29395
17,9,-,Mercedes-Benz GLC 220 d 4MATIC Exclusive+LED+Kamera+Navi+PDC,3 ,1,11/2017,63800,34980,34980
17,10,-,Mercedes-Benz GLC 220 d 4-Matic 9G-Tronic ,4.4 ,14,10/2017,65682,34980,29395
18,1,-,Mercedes-Benz GLC 220 d 4MATIC NAVI*AUTOMATIK*KLIMA*LED*SHZ BC,5 ,3,01/2018,56500,34989,29403
18,2,-,Mercedes-Benz GLC 220 d 4M- BusiPlUS Navi LED SHZ,4.3 ,262,08/2019,49716,34990,29403
18,3,Новое,Mercedes-Benz GLC 220 d 4M AMG LED+STHZ+AHK+DISTR+KAMERA+KEYLE,4.7 ,33,08/2017,97499,34990,29403
18,4,-,Mercedes-Benz GLC 220d 4Matic PANOROMA--NAVi--TEiLLEDER--2019,4.8 ,37,11/2018,43000,34990,34990
18,5,-,Mercedes-Benz GLC 220 d 4M Offroad Distr LED AHK Navi PTS Kame,4.5 ,64,01/2018,71717,34990,34990
18,6,-,Mercedes-Benz GLC 220 d 4MATIC EXCLUSIVE Exterieur/Navi/LED,4.8 ,7,08/2017,85800,34990,29403
18,7,-,Mercedes-Benz GLC 220 d 4Matic 9G-LED  NAVI ST-HZ AHK PDC KAM,4.7 ,22,07/2018,110990,34990,29403
18,8,-,Mercedes-Benz GLC 220 d 4M AMG Distr. LED Navi Spurhalt-Ass 9G,4.4 ,38,07/2018,67449,34990,29403
18,9,Новое,Mercedes-Benz GLC 220 d 4Matic Navi LED Temp. RFK Wenig KM,4.7 ,81,05/2018,86000,34990,34990
18,10,-,Mercedes-Benz GLC 220 d 4Matic 9G-TRONIC,4.4 ,15,01/2017,60000,34990,34990
19,1,-,Mercedes-Benz GLC 220 d 4M AMG*LED*AMBIENTE*EASYPACK,4.7 ,15,11/2017,67497,34990,34990
19,2,-,Mercedes-Benz GLC 220 d 4M AMG-Int*Navi*Keyless*Spur*Totw*Kam*,4.4 ,16,09/2018,122750,34990,29403
19,3,-,Mercedes-Benz GLC 220 d 4MATIC Exclusive / NAVI,4.6 ,59,05/2018,66298,34990,34990
19,4,-,Mercedes-Benz GLC+220+D+Exclusive+4Matic+Navi+LED+Klima+PDCv/h,4.5 ,36,07/2018,55269,34990,34990
19,5,-,Mercedes-Benz GLC 220 d 4Matic,4.3 ,55,01/2017,54000,34990,29403
19,6,-,Mercedes-Benz GLC 220 d 4Matic 9G-TRONIC AMG Line,0,0,01/2018,110000,34999,34999
19,7,-,Mercedes-Benz MERCEDES Classe GLC 220 d 4Matic Executive 170 c,0,0,07/2018,90000,34999,34999
19,8,-,Mercedes-Benz GLC 220 d 4M. 9G-Tr.,5 ,307,12/2017,114142,34999,29411
19,9,Новое,Mercedes-Benz GLC 220 d 4Matic AMG Line,4.2 ,5,03/2018,95800,35031,35031
19,10,-,Mercedes-Benz GLC 220d 4Matic | AMG | AHK | Distronic+ | LED,5 ,22,12/2018,104300,35350,29706
20,1,Новое,Mercedes-Benz GLC 220 d 9G-T*4M*3x AMG SPORT*COMAND*DISTRO*AHK,4.9 ,237,06/2018,112500,35390,35390
20,2,-,Mercedes-Benz GLC 220d AMG 4Matic*Navi*E-Klappe*19Zoll*TOP,4.1 ,15,07/2017,95621,35491,29824
20,3,Новое,Mercedes-Benz MERCEDES-BENZ GLC 220 d 4Matic Sport - PRONTA CO,0,0,12/2017,97367,35500,29098
20,4,-,Mercedes-Benz GLC 220 d 4 Matic AMG Line 8 fach Alu NightPaket,4.5 ,31,01/2017,43500,35500,35500
20,5,-,Mercedes-Benz GLC 220 d 4M Kamera Navi SHZ Memory Park-Ass.,4.3 ,31,03/2018,58700,35625,29937
20,6,Новое,Mercedes-Benz GLC 220 d 4Matic (9GT Navi Park LED Shzg Sitzkom,4.6 ,24,05/2019,78872,35680,29983
20,7,Новое,Mercedes-Benz GLC 220 d 4Matic//EXCLUSIV//KAMERA//APPLE-CAR,4.6 ,26,03/2018,48900,35699,29999
20,8,-,Mercedes-Benz GLC 220 d 4M LED SHZ PDC Tempomat Klima Navi FIS,4.4 ,23,07/2018,91557,35800,30084
20,9,-,Mercedes-Benz GLC 220 d 4MATIC EXCLUSIVE 360° ACC Comand Pano,4.4 ,23,06/2017,48673,35800,30084
20,10,-,Mercedes-Benz GLC 220  d 4Matic*PANO*AHK*CAM*LEDER*KEY-GO*,4.5 ,26,04/2019,79600,35849,30125
21,1,-,Mercedes-Benz GLC 220 d 4M *Exclusive*LED*Sitzheizung*AHK*Navi,4.5 ,47,10/2018,89618,35849,30125
21,2,Новое,"Mercedes-Benz GLC 220 d 4M Navi/LED/AHK/360°/Totwinkel/LMR-19""",4.6 ,50,05/2018,70600,35850,30126
21,3,-,"Mercedes-Benz GLC 220 d 4M Exclusive+Night/Navi/LED/AHK/LMR19""",4.6 ,50,01/2019,98350,35850,30126
21,4,-,Mercedes-Benz GLC 220 d 4MATIC Automatik AMG Line  Panodach AH,4.7 ,52,11/2017,86600,35860,35860
21,5,Новое,Mercedes-Benz GLC 220 d 4M Kamera Navi LED SHZ el.Heck Memory,5 ,8,01/2019,42700,35870,30143
21,6,-,Mercedes-Benz GLC 220 d 4Matic Navi*LED*Tempo*PDC*SHZ*LM,3.9 ,121,02/2019,38021,35870,30143
21,7,-,Mercedes-Benz GLC 220 d 4MATIC EXCLUSIVE*Navi*AHK*LED* Autom.,4.7 ,84,07/2017,59900,35880,35880
21,8,-,Mercedes-Benz GLC 220 d 4M AHK -360° Kamera-LED-Navi-Totwinkel,4.2 ,34,01/2018,69983,35880,30151
21,9,Новое,Mercedes-Benz GLC 220 d 4M Exclusive AMG LED Kamera Navi PTS,4.2 ,30,04/2019,64356,35890,30160
21,10,-,Mercedes-Benz GLC 220 d 4M Offroad Kamera Navi Sitzh Sitzkomf,4.3 ,26,07/2019,44379,35890,30160
22,1,-,Mercedes-Benz GLC 220 d 4MATIC COMAND LED EXCLUSIVE,4.5 ,135,12/2018,61100,35890,30160
22,2,-,Mercedes-Benz GLC 220d 4Matic *AMG-Line*PanoSD*StdHzg*AHK*LED*,4.7 ,80,04/2018,103000,35899,30167
22,3,Новое,Mercedes-Benz Mercedes GLC 220d,0,0,12/2018,85000,35900,35900
22,4,-,Mercedes-Benz GLC 220 d 4M AMG*Panoramadach*HUD*AHK*Easy-Pack+,4.8 ,42,10/2017,66692,35900,35900
22,5,-,Mercedes-Benz GLC 220 d 4M AMG*Panoramadach*HUD*AHK*Easy-Pack+,4.5 ,76,10/2017,66692,35900,35900
22,6,-,Mercedes-Benz GLC 220 d 4M AMG*Panoramadach*HUD*AHK*Easy-Pack+,4.9 ,62,10/2017,66692,35900,35900
22,7,-,Mercedes-Benz GLC 220 d 4Matic*AMG,4.5 ,37,03/2017,28044,35900,35900
22,8,-,Mercedes-Benz GLC 220d 4MATIC Aut. *A-Edition*,4.7 ,29,04/2018,41900,35900,35900
22,9,-,Mercedes-Benz MERCEDES Classe NEW GLC 220 d 4Matic 9GTRONIC *A,0,0,01/2018,90600,35900,35900
22,10,-,Mercedes-Benz GLC 220 d 4Matic AMG Line Autom. Sport Utility,4.8 ,22,10/2017,48000,35900,30168
23,1,-,Mercedes-Benz GLC 220 d 4Matic/AHK/Navi/Temp/LED/el Heckklappe,4.7 ,33,05/2017,59300,35900,35900
23,2,-,Mercedes-Benz GLC 220 d 4Matic *AHK*LED*PANO*KLIMA*NAVI*TOP,4.3 ,29,12/2017,58000,35900,35900
23,3,-,Mercedes-Benz GLC 220d 4Matic Exclusive GLC 220 d 4Matic (253.,4.9 ,19,05/2017,119509,35930,35930
23,4,Новое,"Mercedes-Benz GLC 220 4M Distronic+ Leder Navi 18"" 360 Kamera",4 ,305,02/2019,46771,35950,30210
23,5,Новое,Mercedes-Benz GLC 220 d 4Ma*EXCLUSIVE-LINE*LED*360°*NAVI*LEDER,3.7 ,113,10/2018,49632,35980,35980
23,6,-,Mercedes-Benz GLC 220 d Exclusive 4M LED+Navi+AHK+Sitzheizung+,4.2 ,26,04/2017,54600,35989,35989
23,7,Новое,Mercedes-Benz GLC 220 d 4Matic 9G-Tronic*Leder*Navi*LED*Kamera,4.6 ,387,06/2018,50700,35990,30244
23,8,-,Mercedes-Benz GLC 220 d 4M AMG Pano ILS LED Totwinkel PTS 9G,4.3 ,58,08/2017,40723,35990,35990
23,9,-,Mercedes-Benz Mercedes Benz GLC 220 D Leder,0,0,11/2017,51080,35990,35990
23,10,-,Mercedes-Benz GLC 220 d 4-9G-AMG Int.COMAND ILS KAM PDC,4.7 ,22,07/2018,66731,35990,30244
24,1,-,Mercedes-Benz GLC 220 d 4Matic LED/Navi/SHZ/PDC/EURO6,4.3 ,30,07/2018,32900,35990,35990
24,2,-,Mercedes-Benz GLC 220 d Aut 4Matic 1.Hd unffrei SH LED,4.9 ,44,04/2019,88951,35990,30244
24,3,-,Mercedes-Benz GLC 220 d 4M+FAP+ILS+AHK+Distronic+COMAND+Ambien,4.9 ,72,10/2018,84999,35990,30244
24,4,-,Mercedes-Benz  GLC 220 d 4M+AHK+ILS+Comand+DISTRONIC+Ambiente+,4.9 ,72,10/2018,84999,35990,30244
24,5,-,Mercedes-Benz GLC 220 d 4Matic LED*Aut*AHK*Distr*AMG Interieur,4.3 ,29,07/2017,56000,35999,35999
24,6,-,Mercedes-Benz GLC 220 d 4M AMG AHK LED NAVI KEYLESS-GO,4.2 ,89,04/2017,37653,35999,30251
24,7,-,Mercedes-Benz GLC220d 4MATIC/Autom/NAVI/PDC/TEMPO/IHAND/21Zoll,4.5 ,56,08/2018,50000,35999,35999
24,8,-,Mercedes-Benz GLC 220 d 4MATIC Comand+Distronic+LED+Kamera+PDC,4.8 ,23,02/2017,89606,36333,30532
24,9,-,Mercedes-Benz GLC 220 d 4MATIC Autom.,4.6 ,15,01/2018,69000,36400,36400
24,10,-,Mercedes-Benz GLC 220 d 4M AMG Distronic Pano AHK Kamera,4.3 ,31,06/2017,71800,36425,30609
25,1,-,Mercedes-Benz GLC 220 d 4Matic/Orig.59200km/NAVI/AHK/KAMERA,4.8 ,38,08/2017,59200,36450,36450
25,2,-,Mercedes-Benz GLC 220 d 4Matic Leder,4.5 ,98,10/2017,35000,36490,30664
25,3,-,Mercedes-Benz GLC 220 d 4Matic 9G-TRONIC,5 ,1,01/2018,40186,36490,36490
25,4,Новое,Mercedes-Benz GLC 220 d 4MATIC AMG*Pano*AHK*RKam*Navi*LED*Ambi,4.8 ,33,08/2018,86318,36490,30664
25,5,-,Mercedes-Benz Mercedes-Benz GLC  GLC 220 d 4Matic Sport-Tetto ,0,0,06/2019,99314,36500,36500
25,6,-,Mercedes-Benz GLC 220 d 4M Pano Comand LED SHZ Park-Ass. LMF,5 ,8,12/2018,67150,36625,30777
25,7,-,Mercedes-Benz GLC 220 d 4M AMG Exclusive+LED+Navi+AHK+Pano,4.3 ,40,11/2017,61257,36650,30798
25,8,Новое,Mercedes-Benz MERCEDES-BENZ GLC 220 d 4Matic Business,0,0,03/2018,61200,36690,36690
25,9,-,Mercedes-Benz GLC 220 d 4M AHK*Burmester*360°*DAB*Stdhzg*Navi,4.5 ,57,12/2018,86212,36690,30832
25,10,-,Mercedes-Benz GLC 220 d 4M AMG Kamera Navi PTS Easy-Pack 9G,3.9 ,8,05/2018,63460,36690,30832
26,1,Новое,"Mercedes-Benz GLC 220 d 4M EXCLUSIVE NAVI+KAMERA+PTS+SHZ+18""LM",4.7 ,33,12/2018,34420,36730,30866
26,2,-,Mercedes-Benz GLC 220 d 4M *EXCLUSIVE*NAVI*AHK*PARKASSISTENT*,4.7 ,20,02/2018,37456,36770,30899
26,3,-,Mercedes-Benz GLC 220 d 4M AMG ABS Fahrerairbag Beifahrerairba,4.6 ,9,04/2018,74000,36790,36790
26,4,Новое,Mercedes-Benz GLC 220 GLC -Klasse GLC 220 d 4Matic AMG Panoram,4 ,9,12/2018,61000,36800,36800
26,5,-,Mercedes-Benz GLC 220 d 4Matic 9G-TRONIC AMG Line,0,0,10/2018,68500,36800,36800
26,6,-,Mercedes-Benz GLC 220 d 4Matic AMG Exclusive AHK Panoramadach,5 ,3,11/2017,73150,36850,36850
26,7,-,Mercedes-Benz GLC 220d 9G 4M 2X AMG-LINE LED NAV SPUR AMB RKAM,4.6 ,115,03/2019,122340,36850,36850
26,8,-,Mercedes-Benz GLC 220 d 4M AMG-Line+Night+AHK+Navi+LED+Kam+PDC,4.1 ,28,06/2019,123432,36859,36859
26,9,-,Mercedes-Benz GLC 220 d 4M AMG Pano+Distr+Standhz+Comand+EasyP,4.4 ,33,06/2017,62500,36880,36880
26,10,-,Mercedes-Benz GLC 220 d 4M AMG Pano ILS LED Kamera Navi EDW 9G,4 ,203,07/2019,72888,36890,31000
27,1,-,Mercedes-Benz GLC 220 d 4M Exclusive LED Navi 9G Sitzh Chromp,4.5 ,64,04/2019,81159,36890,31000
27,2,-,Mercedes-Benz GLC 220 d 4M MBUX LED Kamera PTS Sitzh Sitzkomfo,4.5 ,64,11/2019,72589,36890,31000
27,3,-,Mercedes-Benz GLC 220d EXCLUSIVE 4MATIC SITZHEIZUNG,4.2 ,21,07/2018,77000,36890,31000
27,4,-,Mercedes-Benz GLC -Klasse GLC 220 d 4M Avantgrd AMG Int./1.Hd.,4.8 ,92,05/2018,95900,36890,36890
27,5,-,Mercedes-Benz GLC -Klasse GLC 220 d 4Matic Avantgrd 9G/1.Hd/E6,4.8 ,92,08/2018,93100,36890,31000
27,6,-,Mercedes-Benz GLC 220 d 4M 9G*PANO*AHK*AMG int.*,0,0,07/2018,48000,36899,36899
27,7,-,Mercedes-Benz GLC 220 d 4M Off-Roader Exclusive+LED+AHK+PDC,4.8 ,22,07/2017,52700,36899,36899
27,8,Новое,Mercedes-Benz Mercedes GLC 220d 4matic AMG Line,0,0,05/2019,57000,36900,36900
27,9,-,Mercedes-Benz GLC 220 d 4M+Night+LED-ILS+ Kamera+Distron+Navi,4.5 ,110,06/2019,87291,36900,31008
27,10,-,Mercedes-Benz MERCEDES-BENZ GLC 220 d 4Matic Sport,0,0,10/2018,98000,36900,36900
28,1,-,Mercedes-Benz GLC 220d 4MATIC Aut. *Navi*LED SW*,4.7 ,29,04/2019,48700,36900,36900
28,2,-,Mercedes-Benz GLC 220 -Klasse d 4Matic Leder LED Navi Kurvenli,4.6 ,31,08/2018,83900,36920,31025
28,3,-,Mercedes-Benz GLC 220 d 4MATIC Exclusive/Pano.-Dach/LED/AHK,4.8 ,45,11/2018,76836,36949,36949
28,4,-,Mercedes-Benz GLC 220 d 4M Int.Beige+Panorama+LED+Nav+Kamera++,4.7 ,31,03/2017,63500,36950,36950
28,5,-,Mercedes-Benz GLC 220 d 4MATIC AMG LINE +Standheizung+Kamera,4.7 ,34,08/2017,63800,36980,31076
28,6,-,Mercedes-Benz GLC 220 d 4-Matic*AUT.*AMG PAKKET*LEDER*CAMERA*L,4.4 ,6,06/2018,73289,36980,36980
28,7,-,Mercedes-Benz GLC 220 d 4M AMG Burmester Distr. LED Kamera 9G,4.3 ,10,07/2018,60469,36990,36990
28,8,-,Mercedes-Benz GLC 220 d 4Matic 9G-TRONIC Exclusive,4.6 ,7,12/2017,76000,36990,31084
28,9,-,Mercedes-Benz GLC 220 d 4Matic ALCANTARA LED NAVI PANO ALU,4.8 ,130,01/2018,65005,36990,31084
28,10,-,Mercedes-Benz GLC 220 d 4Matic AT LED Nav Shz Tmat EURO6,4.2 ,51,05/2019,79925,36990,31084
29,1,-,Mercedes-Benz GLC 220 d 4MATIC**KAM**LED**NAVI**LEDER**,4.5 ,34,12/2017,55425,36990,36990
29,2,-,Mercedes-Benz GLC -Klasse GLC 220 d 4Matic,0,0,08/2018,31841,36990,36990
29,3,-,"Mercedes-Benz GLC 220 d 4M+AMG+GARMIN+AHK+LED-ILS+19""+AMBIENTE",4.8 ,12,01/2017,63270,36990,36990
29,4,-,Mercedes-Benz GLC -Klasse GLC 220 d 4Matic*Pano*AMG*AHK*,0,0,06/2018,48600,36999,36999
29,5,-,Mercedes-Benz GLC 220 d 4M Exclusive Night LED Pano Navi SHD K,4.5 ,46,07/2017,53956,37290,31336
29,6,-,Mercedes-Benz GLC 220 d 4M AMG NIGHT+SPUR+RFK+CARPLAY+LED+MBUX,4.8 ,52,04/2019,118971,37400,31429
29,7,-,Mercedes-Benz GLC 220 d 4M AMGline LEDILS AHK RüKam Comand,4.5 ,18,07/2017,73885,37439,31461
29,8,-,Mercedes-Benz GLC 220d Exclusive 4M AHK|COMAND|Sitzhzg,4.1 ,218,06/2019,73794,37440,31462
29,9,-,Mercedes-Benz Mercedes Benz GLC 220 d 4M,0,0,09/2018,46414,37449,37449
29,10,-,Mercedes-Benz GLC 220d 4M OFF-ROAD+Navi+Kamera+Pano+AHK+LED+19,4.7 ,311,01/2019,69913,37489,31503
30,1,-,Mercedes-Benz GLC 220 d 4Matic AMG-Line Leder,4.5 ,98,06/2018,80000,37490,31504
30,2,-,Mercedes-Benz GLC 220 d 4MATIC Autom. Panoramadach Bluetooth,4.7 ,46,10/2017,73149,37490,37490
30,3,-,Mercedes-Benz GLC 220 d 4MATIC LED+KAMERA+GARMIN+SHZ+THERMATIC,4.8 ,29,06/2017,33197,37490,31504
30,4,-,Mercedes-Benz GLC 220 d 4M COMAND LED Kamera Totwinkel 9G Temp,4.4 ,62,12/2018,15637,37490,31504
30,5,-,Mercedes-Benz GLC 220 d 4M Kamera Navi Pano AHK Sitzhz Parkpa,4.3 ,36,05/2017,77000,37490,37490
30,6,-,Mercedes-Benz GLC 220 D 4MATIC AHK NAVI LED LEDER,4.5 ,14,04/2019,89000,37490,31504
30,7,Новое,Mercedes-Benz MERCEDES-BENZ GLC 220 d 4Matic Premium,0,0,07/2017,54000,37500,37500
30,8,-,Mercedes-Benz MERCEDES-BENZ GLC 220 d 4Matic Premium,0,0,06/2018,78197,37590,37590
30,9,-,Mercedes-Benz GLC 220 d 4M Navi LED Kamera SHZ PTS Bluetooth,4.7 ,39,11/2019,82332,37699,31680
30,10,-,Mercedes-Benz GLC 220 d 4matic AMG **Navi/Totw./Kamera,4.4 ,149,07/2018,49991,37788,31755
31,1,-,Mercedes-Benz GLC 220 d 4M KAMERA+SHZ+HUD+COMAND+AHK+LED+KEYLE,4.6 ,17,05/2017,54650,37789,31755
31,2,-,Mercedes-Benz GLC 220 d 4M Exclusive Rückfahrk. AHK Navi LED,4.8 ,6,02/2017,45502,37790,31756
31,3,-,Mercedes-Benz GLC 220 d 4M COMAND PANO DISTRONIC AHK KAMERA,4.5 ,135,07/2018,83500,37790,31756
31,4,-,Mercedes-Benz GLC 220 d 4Matic/Navi/ACC/RFK/ALS/SHZ/AHK/ALU,4.4 ,143,10/2018,82492,37799,31764
31,5,-,Mercedes-Benz GLC 220 d 4M Distronic+AHK+LED+Standheizung+19 ',4.5 ,77,04/2019,88356,37799,31764
31,6,-,Mercedes-Benz GLC 220 d 4Matic 9G-TRONIC,5 ,2,02/2019,30837,37800,37800
31,7,Новое,Mercedes-Benz GLC 220d 4M AMG-Line Comand Distronic Leder,4.9 ,23,12/2017,71380,37850,31807
31,8,-,Mercedes-Benz GLC 220 d 4M AMG Pano Kamera Navi AHK LED SHZ,4.6 ,6,09/2017,64700,37850,31807
31,9,-,Mercedes-Benz GLC 220 d 4M AMG Line/9G/ AHK/ LED/ Kamera/ Navi,4.8 ,279,08/2018,62051,37870,37870
31,10,-,Mercedes-Benz GLC 220 d 4M AMG*KAMERA*LED*AHK*NAVI,4.7 ,27,03/2018,55220,37870,37870
32,1,-,Mercedes-Benz GLC 220 d 4M LED Exclusive Navi/Autom./Klima,4.2 ,31,09/2018,77217,37888,37888
32,2,Новое,Mercedes-Benz GLC 220 d 4M AMG COMAND LED AHK Kamera PTS 9G,4.3 ,67,01/2018,56728,37890,37890
32,3,-,Mercedes-Benz GLC 220 d 4M AMG*AHK*NAVI*KAMERA*SHZ*LED*,4.7 ,27,08/2018,67380,37890,31840
32,4,-,Mercedes-Benz GLC 220 d 4M Exclusive Stdhzg Pano ILS LED AHK,4.3 ,26,12/2017,51014,37890,31840
32,5,-,Mercedes-Benz GLC 220 d 4M AMG LED Kamera Navi Spurhalt-Ass 9G,3.9 ,94,08/2018,51377,37890,31840
32,6,-,Mercedes-Benz GLC 220 d 4M Exclusive AHK LED Kamera Tempomat,4.3 ,36,01/2017,35925,37890,37890
32,7,-,Mercedes-Benz GLC 220 d 4M AMG-LINE COMAND NIGHT ILS KAMERA,4.5 ,135,06/2018,98750,37890,31840
32,8,-,Mercedes-Benz GLC 220 d 4M Exclusive AHK LED Kamera Tempomat,4.7 ,11,01/2017,35925,37890,37890
32,9,-,Mercedes-Benz GLC 220 d 4M AMG line 2x+Kam+Navi+Leder+PTS+19'',4.3 ,18,01/2018,78286,37899,31848
32,10,-,Mercedes-Benz GLC 220 d 4Matic LEDER*COMAND*LED*PDC*TEMP.*SH*,4.7 ,75,11/2018,61600,37899,31848
33,1,-,Mercedes-Benz GLC 220 d 4M Exclusive+Navi+LED+AHK+Kamera+easy ,4.3 ,20,09/2018,37500,37900,37900
33,2,-,Mercedes-Benz GLC 220 d 4M Exclusive Fahrassist./Pano.-Dach,4.6 ,70,01/2018,85892,37900,31849
33,3,-,Mercedes-Benz GLC 220 d 4M+Navi+AHK+360+Distronic+Totwinkel+Le,4.3 ,20,11/2018,61446,37900,31849
33,4,-,Mercedes-Benz GLC 220 d 4M AHK+DISTR+VERK.ASS+SPURH+ILS+COMAND,4.7 ,100,04/2019,74226,37900,31849
33,5,-,Mercedes-Benz GLC 220 d 4M Kamera Navi AHK LED SHZ el.Heck,5 ,8,01/2019,71750,37925,31870
33,6,Новое,Mercedes-Benz GLC 220 d 4M AHK RüKam Navi SHZ ILSLed elHeckkl,4.5 ,18,02/2017,78800,37949,31890
33,7,Новое,Mercedes-Benz GLC 220 d 4M AMG 9G-Tr*Pano*R.Kam*Burmester*AHK,4.5 ,72,08/2017,85109,37950,37950
33,8,-,Mercedes-Benz GLC 220 d 4M+Navi+LED+easy Heckklappe+akt.Park-A,4.3 ,20,05/2019,63070,37950,31891
33,9,-,Mercedes-Benz GLC 220 d 4M AHK+Distronic+Kamera+LED+Navi+FAP,4.8 ,18,08/2017,81500,37950,31891
33,10,Новое,Mercedes-Benz GLC 220 d 4M AHK+Distronic+Kamera+LED+Navi+FAP,4 ,2,08/2017,81500,37950,31891
34,1,Новое,Mercedes-Benz GLC 220 d 4 matic *COMAND*DISTRO*MEMORY*HEADUP*,4.5 ,64,09/2018,45900,37980,31916
34,2,-,Mercedes-Benz GLC 220 d 4M Exclusive 9-G LED AHK NAVI Stdhzg ,4.9 ,51,07/2017,68160,37980,37980
34,3,-,Mercedes-Benz GLC 220 d 4Matic*AMG-Line*Pano*LED*Alcantara*,4.6 ,48,02/2018,46000,37990,37990
34,4,-,Mercedes-Benz GLC 220 220d 4MATIC Sport Edition | Panoramadak,4.7 ,10,03/2019,103335,38173,31548
34,5,-,Mercedes-Benz GLC 220d 9G AMG LINE ALLRAD ALCANTARA 110T...,0,0,05/2018,110000,38200,38200
34,6,-,Mercedes-Benz GLC 220 d 4M AMG EXCLUSIVE KAMERA PANO LED AHK,4.3 ,11,09/2018,72783,38220,38220
34,7,-,Mercedes-Benz GLC 220 d 4M Leder schwarz Navi LED SHZ PDC,5 ,21,01/2019,37400,38225,32122
34,8,Новое,Mercedes-Benz GLC 220 d 4M AMG Navi LED Distronic Kamera,4.3 ,104,08/2018,54250,38390,32261
34,9,-,Mercedes-Benz GLC 220 d 4M Exclusive/AHK/LED/Kamera/Pano,4.9 ,61,08/2018,93399,38390,38390
34,10,-,Mercedes-Benz GLC 220 d 4M AMG-LINE+LED-ILS+PANO+EL.HECKKLAPPE,4.9 ,58,08/2017,49937,38440,38440
35,1,-,Mercedes-Benz GLC 220 d 4M AMG-Line+Night+Pano+AHK+LED+Navi,4.5 ,22,01/2018,66834,38449,32310
35,2,Новое,Mercedes-Benz GLC 220 d 4M EXCLUSIVE Night+RüKam.+Navi+AHK+19,4.4 ,52,04/2018,75392,38470,32328
35,3,-,Mercedes-Benz GLC 220 d 4M AMG+LED-HIGH+KLIMAAUTO+ASSISTENT+++,4.6 ,15,11/2018,62465,38478,38478
35,4,-,Mercedes-Benz GLC 220 d 4M OFF-Road LED Comand AHK Sitzheizung,4.4 ,83,03/2019,31590,38480,32336
35,5,-,Mercedes-Benz Mercedes-Benz GLC  Glc 220 d 4Matic Sport,0,0,10/2018,55148,38500,31557
35,6,-,Mercedes-Benz GLC 220 d 4M AMG NAVI+LED+PANO+AHK+DISTR+PTS+SHZ,4.5 ,47,01/2018,64450,38589,32428
35,7,-,Mercedes-Benz GLC 220 d 4Matic AHK LED Navi RKam Exclusive,4.5 ,28,09/2019,93941,38624,32457
35,8,Новое,Mercedes-Benz GLC 220d 4Matic 9G-TRONIC LED NAV,3.7 ,73,04/2019,36140,38690,32513
35,9,-,Mercedes-Benz GLC 220 d 4M AMG-Sport/Navi/LED/Cam/Pano/Totw/20,4.3 ,52,03/2018,76034,38690,32513
35,10,-,Mercedes-Benz GLC 220 d 4MATIC Exclusive LED Kamera Navi PDC,4.4 ,52,02/2019,62800,38750,32563
36,1,-,Mercedes-Benz GLC 220 d 4Matic AMG Line LED Pano AHK 360°,4.4 ,76,03/2018,72053,38760,32571
36,2,-,Mercedes-Benz GLC 220 d 4Matic AHK+PARKTRONIC+TEMPO+SITZHZ+LED,4.6 ,19,02/2019,78909,38760,38760
36,3,-,Mercedes-Benz GLC 220 d 4Matic AHK+PARKTRONIC+TEMPO+SITZHZ+LED,4.2 ,9,02/2019,78909,38760,38760
36,4,-,Mercedes-Benz MERCEDES-BENZ GLC 220 d 4Matic Sport navi led te,0,0,03/2019,46877,38800,38800
36,5,-,Mercedes-Benz GLC 220 d 4M AMG*Pano*LED*ParkAssist*Kamera*Navi,4.5 ,47,01/2018,90603,38849,32646
36,6,Новое,Mercedes-Benz GLC -Klasse GLC 220 d 4Matic |AMG-LINE|NIGHT-PAK,4.9 ,128,08/2018,52600,38850,38850
36,7,-,Mercedes-Benz GLC 220 d 4M AMG+Comand+Distronic+LED+AHK+Kamera,4.8 ,14,04/2019,105843,38869,32663
36,8,Новое,Mercedes-Benz GLC 220 d 4M Navigation+LED-HP+OFFRoad+EHeck+RFK,4.5 ,41,04/2019,51477,38885,32676
36,9,-,Mercedes-Benz GLC 220 d 4M LED Kamera Sitzh Sitzkomfort PTS 9G,4.5 ,64,10/2019,57691,38890,32681
36,10,-,Mercedes-Benz GLC 220d 9G 4M AMG*Night*LED*Pano*Comand*Standh.,4.8 ,74,08/2017,59876,38890,32681
37,1,Новое,Mercedes-Benz GLC 220 d 4Matic 9G-TRONIC AMG Line,0,0,07/2019,55000,38900,38900
37,2,-,Mercedes-Benz GLC 220 d 4M Panoramadach AHK,4.3 ,95,06/2019,65778,38900,38900
37,3,-,Mercedes-Benz GLC 220 d 4Matic AUT~Pano~Kamer~AHK~,4.5 ,60,09/2019,41986,38900,38900
37,4,-,Mercedes-Benz GLC 220 d 4 Matic Sport-Kamera-AHK-Garantie,4.7 ,17,01/2017,80000,38900,38900
37,5,Новое,Mercedes-Benz GLC -Klasse 220 d 4Matic,4 ,36,09/2019,41000,38900,38900
37,6,Новое,Mercedes-Benz GLC 220 d 4Matic,4.2 ,5,06/2018,68200,38920,38920
37,7,-,Mercedes-Benz MERCEDES-BENZ GLC 220 d 4Matic Exclusive,0,0,11/2018,47000,38950,38950
37,8,-,Mercedes-Benz GLC 220 d 4Matic Navi LED 1. Hd. Scheckheft,4.7 ,17,08/2017,62487,38950,38950
37,9,Новое,Mercedes-Benz GLC 220d 4M 2x AMG-LINE ILS-LED DISTRO SPUR KAM,4.6 ,82,03/2019,70000,38980,32756
37,10,-,Mercedes-Benz GLC 220d 4Matic AMG / 360°KAMERA - LEDER - LED,4.6 ,8,06/2018,109800,38990,32765
38,1,-,Mercedes-Benz GLC 220 d 4Matic AMG Night LED Distronic 360Kame,4.6 ,60,07/2018,74623,38990,32765
38,2,Новое,Mercedes-Benz GLC 220 d 4M AMG*AHK*Stdhzg*FAP+*KeyGo*LED*Navi,4.7 ,130,02/2019,56120,38990,32765
38,3,-,Mercedes-Benz Mercedes-Benz GLC  220 d 4Matic Premium,0,0,10/2018,61500,39000,39000
38,4,-,Mercedes-Benz GLC 220 d 4Matic Coupe AMG Line NIGHT NAVI LED,4.6 ,8,09/2017,116599,39151,32900
38,5,-,Mercedes-Benz GLC 220 d 4M AMG+Panorama+LED+Kam+Comand+Night++,4.7 ,31,02/2018,103440,39430,33134
38,6,-,Mercedes-Benz GLC 220 d 4M EXCLUSIVE+STANDHEIZUNG+EASY-PACK+AK,4.5 ,15,03/2019,73290,39430,39430
38,7,-,Mercedes-Benz GLC 220 d 4MATIC+9G+AMG+COMAND+LED+NIGHT+KAMERA+,4.9 ,12,06/2017,48312,39440,33143
38,8,-,Mercedes-Benz GLC 220 d 4-Matic Exclusive*AHK*Kamera*Navi*Easy,4.4 ,11,09/2017,46500,39440,39440
38,9,-,Mercedes-Benz GLC 220 d 4M OFF-ROAD Comand AHK LED Tempomat,4.4 ,83,06/2019,29750,39440,33143
38,10,-,Mercedes-Benz GLC 220 d 4Matic 9G-TRONIC,4.7 ,3,07/2019,28000,39480,33176
39,1,-,Mercedes-Benz GLC 220 d 4MATIC Interieur/Navi Panorama/SHZ/DPF,4.6 ,7,10/2018,67400,39490,33185
39,2,-,Mercedes-Benz GLC 220 d Exclusive 4Matic *AHK,5 ,20,02/2018,57802,39500,39500
39,3,-,Mercedes-Benz GLC 220d 4Matic Facelift LED Kamera Navi JS-2023,4.7 ,39,10/2019,85000,39500,33193
39,4,-,"Mercedes-Benz GLC 220 d AMG+PANO+NIGHT+LED+KAMERA+EASYPACK+19""",4.1 ,14,04/2018,65106,39550,39550
39,5,-,Mercedes-Benz Coupe GLC 220 d 4Matic,4.9 ,9,10/2017,113000,39600,33277
39,6,-,Mercedes-Benz GLC 220 d 4M Exclusive/Fahrassist./Pano.-Dach,4.3 ,16,05/2019,80191,39679,33344
39,7,-,Mercedes-Benz GLC 220 d 4M Navi LED Sitzheizung Standheizung,4.4 ,83,08/2019,19100,39740,33395
39,8,-,Mercedes-Benz GLC 220 d 4M Exclusive AMG+Navi+LED+Distro+Akust,4.7 ,116,05/2019,65259,39763,33414
39,9,-,Mercedes-Benz GLC-Klasse GLC 220 d AMG Line 4Matic LED Navi,4.8 ,125,01/2019,71300,39780,33429
39,10,-,Mercedes-Benz GLC -Klasse GLC 220 d 4Matic/Head up/Leder/360°,5 ,2,02/2018,85850,39800,33445
40,1,-,Mercedes-Benz GLC 220 d 4M AMG*Night*LED*Sitzhzg*AHK*Navi*360°,4.7 ,27,03/2019,63514,39849,33487
40,2,-,Mercedes-Benz GLC 220 d 4M Excl.,4.9 ,42,06/2019,53130,39879,33512
40,3,-,Mercedes-Benz GLC 220 d 4Matic AMG AHK LED SH Park Assis. Navi,4.9 ,66,04/2018,63500,39880,39880
40,4,Новое,Mercedes-Benz GLC 220 d 4M *Comand*AHK*Distronic*Kamera*LED*,4.5 ,30,11/2018,35659,39890,33521
40,5,-,Mercedes-Benz GLC 220 d 4M LED Pano-Dach SHZ AHK Kamera,4.3 ,36,02/2019,77462,39890,33521
40,6,-,Mercedes-Benz GLC 220 d 4M LED Pano-Dach SHZ AHK Kamera,4.9 ,12,02/2019,77462,39890,33521
40,7,-,Mercedes-Benz GLC 220 d 4M AMG Distr. ILS LED AHK Kamera Navi,4.1 ,101,02/2019,41819,39890,33521
40,8,-,Mercedes-Benz GLC 220 d 4M Navi LED AHK Kamera PDC Distronic,4.3 ,36,01/2019,56150,39890,33521
40,9,-,Mercedes-Benz GLC 220 d 4M Offroad Pano LED AHK Kam Navi Totw,4.4 ,116,04/2019,27457,39890,39890
40,10,-,Mercedes-Benz GLC 220 d 4M Navi LED AHK Kamera PDC Distronic,4.7 ,11,01/2019,56150,39890,33521
41,1,-,Mercedes-Benz GLC 220d 4MATIC Aut. *AMG-Line*Fahrass.Paket ...,4.7 ,29,06/2018,75500,39900,33250
41,2,-,Mercedes-Benz GLC 220D 4MATIC *AMG* LED*NAVI*CAM*MEM*,4.8 ,11,04/2019,59410,39900,39900
41,3,-,Mercedes-Benz GLC 220d 4Matic*OFFROAD-Pro*AHK*KomfortSitzpaket,4.8 ,15,03/2019,41911,39900,33529
41,4,-,Mercedes-Benz MERCEDES GLC 220 d 4Matic Premium Plus,0,0,07/2019,58000,39900,39900
41,5,-,Mercedes-Benz GLC 220d 4Matic AMG Line 360-Grad-Kamera,5 ,7,10/2017,97542,39900,33250
41,6,-,Mercedes-Benz GLC -Klasse GLC 220 d 4Matic Panorama,4.8 ,28,02/2018,95000,39900,33529
41,7,-,Mercedes-Benz GLC -Klasse GLC 220 d 4Matic,0,0,10/2018,67925,39900,32439
41,8,-,Mercedes-Benz GLC 220 d 4MATIC NAVI LED 360°KAMERA SITZHEIZUNG,4.8 ,37,05/2019,34720,39900,39900
41,9,-,Mercedes-Benz GLC 220 d 4M AMG+LED+Pano+Navi+Dist+EasyP+Kamera,4.3 ,59,07/2017,29400,39910,33538
41,10,-,Mercedes-Benz GLC 220 d 4M Chrom-P+MBUX+SHZ+LED+PDC+Tempomat,4.5 ,30,07/2019,58516,39949,33571
42,1,-,"Mercedes-Benz GLC 220 d 4M AMG+AHK+LED+COMAND+KAMERA+19""AMG",4.7 ,81,01/2019,52467,39949,33571
42,2,-,Mercedes-Benz GLC 220 d 4Matic 9G-TRONIC DTR+/AirBodyControl,4.8 ,196,10/2018,91956,39950,33571
42,3,-,Mercedes-Benz GLC 220 d 4M Navi+Pano.-Dach+LED+CD+DAB+Parktro.,5 ,1,01/2019,52466,39970,33588
42,4,-,Mercedes-Benz GLC 220 d 4M Navi+Pano.-Dach+LED+CD+DAB+Parktro.,4.7 ,28,01/2019,52466,39970,33588
42,5,Новое,Mercedes-Benz GLC 220 d 4Matic 9G-Tronic AMG Navi/Temp/Xenon/P,4.3 ,151,04/2019,52000,39990,33605
42,6,-,Mercedes-Benz GLC 220 d 4M Pano COMAND LED SHZ Totwink Easy-P,4.1 ,87,05/2019,26033,39990,33605
42,7,-,Mercedes-Benz GLC 220 d 4M Exclusive AMG Pano COMAND ILS LED,4.1 ,11,04/2019,53327,39990,33605
42,8,-,Mercedes-Benz GLC 220 d 4M AMG Navi Night LED AHK Pano Sitzhzg,4.3 ,36,11/2017,46499,39990,39990
42,9,-,Mercedes-Benz GLC 220 d 4M AMG Navi Night LED AHK Pano Sitzhzg,4.7 ,11,11/2017,46499,39990,39990
42,10,-,Mercedes-Benz GLC 220 d 4Matic,4.8 ,109,04/2019,53000,39990,39990
43,1,-,Mercedes-Benz GLC220d 4M AMG Line MAGNO|NIGHT|PANO|LED|20ZOLL,4.8 ,37,07/2017,66000,39998,39998
43,2,-,Mercedes-Benz GLC 220 d 4M Coupe*LUXURY*SCHIEBE-DACH*LEDER*KAM,4.1 ,176,06/2018,50000,39999,33613
43,3,-,Mercedes-Benz GLC 220 d 4M Exclusive Pano. LED Kamera AMG Int.,4.3 ,31,01/2019,57300,40225,33803
43,4,-,Mercedes-Benz GLC 220d 4Matic JS-Garant. LED MBUX Navi Kamera ,4.8 ,4,10/2019,86190,40490,34025
43,5,-,Mercedes-Benz GLC 220 d 4M Coupe*LED*NAVI*360°KAMERA*GSD*19Z,4.1 ,176,06/2018,70000,40499,34033
43,6,-,Mercedes-Benz Mercedes-Benz GLC  220 d 4Matic 170 CV Executive,0,0,02/2018,29661,40500,33197
43,7,-,Mercedes-Benz GLC 220 d 4M Exclusive Memory 360 Comand AHK LED,5 ,8,06/2018,35900,40525,34055
43,8,-,Mercedes-Benz GLC 220 d 4Matic 9G-TRONIC Exclusive HighEnd MBU,4.7 ,116,09/2019,72966,40750,34244
43,9,-,Mercedes-Benz GLC 220 d 4M Exclusive Navi*HUD*Stdhzg*360°*Pano,4.6 ,26,12/2018,69966,40850,34328
43,10,-,Mercedes-Benz GLC 220 d 4M AHK LED Navi SHZ PTS Bluetooth Klim,4.7 ,39,07/2019,112453,40889,34361
44,1,-,Mercedes-Benz GLC 220 d 4M AMG 360° Burmester Distr. COMAND,4.2 ,30,05/2019,77429,40890,34361
44,2,-,Mercedes-Benz Mercedes-Benz GLC  220 d 4Matic Executive,0,0,12/2019,55000,40900,40900
44,3,-,Mercedes-Benz GLC 220 d 4MATIC Coupé Autom.,4.3 ,95,11/2017,53920,40900,34370
44,4,-,Mercedes-Benz GLC 220 d 4Matic Coupe LEDER/NAVI/LED/KAMERA,4.2 ,17,07/2017,67000,40900,34370
44,5,Новое,Mercedes-Benz GLC 220 d 4MATIC AMG Line 9G-TR./BURM./PAN-D/AHK,4.4 ,37,01/2018,100000,40900,34370
44,6,-,Mercedes-Benz GLC 220 d 4M Coupé AMG-Int+Navi+SHZ+LED+Dist+360,4.5 ,30,01/2017,68200,40949,40949
44,7,-,Mercedes-Benz MERCEDES-BENZ GLC 220 d 4Matic Premium,0,0,03/2018,43500,40950,40950
44,8,-,Mercedes-Benz GLC 220 d 4M AMG line *eAHK*Pano*Burmes*Navi*LED,4.5 ,45,04/2019,48787,40950,34412
44,9,Новое,Mercedes-Benz Mercedes GLC 220d 4Matic AMG-Line Night,0,0,05/2017,68000,41000,41000
44,10,-,Mercedes-Benz GLC 220 D 4-MATIC *AMG-LINE*,4.3 ,19,08/2018,21982,41000,41000
45,1,Новое,Mercedes-Benz GLC 220d Exclusive 4M Burmester|Navi|LED,4.1 ,218,06/2018,39116,41220,34639
45,2,-,Mercedes-Benz MERCEDES-BENZ GLC 220 d 4Matic Coupé Premium,0,0,10/2017,72092,41300,41300
45,3,-,Mercedes-Benz GLC 220 d 4Matic AMG Line Aut.*NAVI*LED*CAM*PDC*,3.9 ,74,01/2017,34401,41350,41350
45,4,-,Mercedes-Benz GLC 220 d 4MATIC AHK/LED/MBUX/SHZ/NAVI KeylessGo,4 ,12,11/2019,20200,41380,34773
45,5,-,Mercedes-Benz GLC 220 d 4MATIC AHK/LED/MBUX/SHZ/NAVI KeylessGo,4 ,12,11/2019,27700,41380,34773
45,6,-,Mercedes-Benz GLC 220 d Exclusive,4.9 ,29,07/2018,25412,41388,34780
45,7,-,Mercedes-Benz GLC 220 d 4M Coupé *LED*NAVI*SPUR*SHZ*DISTR*AHK*,4.7 ,127,01/2018,92070,41488,41488
45,8,-,Mercedes-Benz GLC 220 d 4M LED+NIGHT+NAVI+WIDESCREEN+MBUX+AR++,4.4 ,12,10/2019,42170,41489,34865
45,9,-,Mercedes-Benz GLC 220 d 4Matic 9G-AHK BusiP Navi LED,4.3 ,262,12/2019,64315,41489,34865
45,10,-,Mercedes-Benz GLC 220 d 4Matic 9G-TRONIC,0,0,06/2019,56500,41500,41500
46,1,-,"Mercedes-Benz GLC 220 d 4Matic AMG Line Panorama Burmester 20""",4.4 ,19,11/2018,51600,41690,41690
46,2,-,Mercedes-Benz GLC 220 d 4MATIC Autom. -,0,0,04/2019,27800,41700,41700
46,3,-,Mercedes-Benz GLC 220 d 4MATIC AMG*PANO*KAM*NAVI*,4.3 ,34,11/2018,46226,41770,41770
46,4,-,Mercedes-Benz GLC 220 d 4M Coupé AMG-Line Navi 360 LED Keyless,4.4 ,23,02/2018,110031,41800,35126
46,5,-,"Mercedes-Benz GLC 220 d 4M MBUX-Navi/LED/AHK/Parktronic/LMR17""",4.6 ,50,06/2019,56300,41850,35168
46,6,-,Mercedes-Benz GLC 220 d Aut. 4Matic AMG Line Pano AHK LED RFK,4 ,68,12/2019,64579,41876,35190
46,7,-,Mercedes-Benz GLC 220 d 4M AMG line Night Navi LED Kamera Spur,4.7 ,39,06/2019,49386,41889,35201
46,8,-,Mercedes-Benz GLC 220 d 4M LED Night Kamera Spur-Paket Sitzh,4.2 ,69,10/2019,42023,41890,41890
46,9,-,Mercedes-Benz GLC 220 d 4M Exclusive AMG Int Distr 360°,4 ,203,05/2019,37974,41890,35202
46,10,-,Mercedes-Benz MERCEDES-BENZ GLC 220 GLC 220 d 4Matic Sport,0,0,03/2019,47795,41900,41900
47,1,-,Mercedes-Benz MERCEDES-BENZ GLC 220 GLC 220 d 4Matic Sport,0,0,03/2019,47795,41900,41900
47,2,-,Mercedes-Benz GLC 220 d 4MATIC/AMG-LINE/BURM/360°/K-GO/AHK,4.4 ,34,01/2017,86000,41900,41900
47,3,-,Mercedes-Benz GLC 220 d Aut.Exclusive*4Matic*Night-Paket*NAVI*,4.8 ,15,06/2019,36417,41900,35210
47,4,-,Mercedes-Benz GLC 220 d 4M 9G AMG-STYLING ILS KAMERA 19 ZOLL,4.7 ,41,08/2018,69900,41900,41900
47,5,-,Mercedes-Benz GLC 220 d 4M 9G AMG-STYLING ILS KAMERA 19 ZOLL,4.7 ,41,08/2018,69900,41900,41900
47,6,Новое,Mercedes-Benz GLC 220 d 4M AMG+MBUX+Pano+LED+20+Airm+Sthzg+AHK,4.5 ,41,07/2019,78191,41945,35248
47,7,-,Mercedes-Benz GLC 220 d Cp. 4M Fahrass 360° Distr. ILS LED,4.1 ,87,03/2019,56549,41970,35269
47,8,-,Mercedes-Benz GLC 220 d 4M AMG Multibeam Spurhalt-Ass SpurPak,4.4 ,116,09/2019,65742,41990,35286
47,9,-,Mercedes-Benz GLC 220 d 4M AMG Fahrass 360° Stdhzg Distr. AHK,4.3 ,15,05/2019,70185,41990,35286
47,10,-,Mercedes-Benz MERCEDES-BENZ GLC 220 d 4Matic Premium,0,0,02/2017,67837,41990,41990
48,1,-,Mercedes-Benz GLC 220 d 4M AMG+360Kam+Distr+PanoD+AHK+el. HK,4.3 ,81,04/2019,93037,42364,35600
48,2,-,Mercedes-Benz GLC 220d 4M AMG NAVI+LED+KAMERA+KEYLESS+PTS+SPUR,4 ,144,07/2019,31180,42390,35622
48,3,-,Mercedes-Benz GLC 220 d 4MATIC+EXCLUSIVE+COMAND+LED+Assistent,4.8 ,62,05/2019,54860,42490,35706
48,4,-,Mercedes-Benz GLC 220 d 4M AMG+AHK+PANO+LED+AMBIENTEB+KAMERA++,5 ,9,12/2018,65087,42499,35713
48,5,-,Mercedes-Benz GLC 220 d 4M AHK / LED/ Navi/ SHZ ,4.7 ,19,06/2019,58000,42500,42500
48,6,-,Mercedes-Benz GLC 220d Coupe 4M Excl AHK LED Navi,4.3 ,262,06/2019,101904,42689,35873
48,7,-,Mercedes-Benz GLC 220 d 4MATIC LED AHK Standhz Kamera PDC,4.4 ,52,08/2019,46100,42790,35958
48,8,-,Mercedes-Benz GLC 220 d 4M AMG AHK COMAND LED Burmester Sitzhz,4.3 ,36,04/2019,75927,42790,35958
48,9,-,Mercedes-Benz GLC 220 d 4M AMG AHK COMAND LED Burmester Sitzhz,4.7 ,37,04/2019,75927,42790,35958
48,10,-,Mercedes-Benz GLC 220 d 4MATIC AMG/Burmester/Night/LED/Standhz,4.7 ,36,08/2018,25900,42800,35966
49,1,-,Mercedes-Benz GLC 220 d 4M*AMG*COMAND*HUD*BURM*KEY*360°,4.9 ,64,11/2017,99000,42800,35966
49,2,-,Mercedes-Benz Mercedes-Benz GLC  220 d 4Matic Premium,0,0,05/2018,20100,42800,35082
49,3,-,Mercedes-Benz GLC 220 d 4M *Kamera*MBUX*Sitzhzg*LED*AHK*Chrom*,4.7 ,27,08/2019,64642,42849,36008
49,4,Новое,Mercedes-Benz GLC 220 d 4M Coupé AMG-Sport/Navi/LED/360/Night,4.3 ,52,02/2017,48850,42880,36034
49,5,Новое,Mercedes-Benz GLC 220 d 4M Stdhzg Multibeam AHK Kamera EDW 9G,4 ,203,07/2019,68123,42890,36042
49,6,-,Mercedes-Benz GLC 220 d 4M AMG Fahrass 360° Pano Distr.,3.9 ,36,03/2018,37157,42890,36042
49,7,-,Mercedes-Benz GLC 220 d 4M Off-Road Kamera AHK Navi Sitzh. LED,4.5 ,30,11/2019,57466,42890,36042
49,8,-,Mercedes-Benz GLC 220 d 4M AMG Navi AHK LED Tempomat Sitzhzg,4.7 ,11,01/2019,40000,42890,42890
49,9,-,Mercedes-Benz GLC 220 d 4Matic PAN/AMG Line interieur RFK/SHZ,5 ,3,11/2018,62300,42900,36050
49,10,-,Mercedes-Benz GLC 220 d 4Matic Coupe AMG LEDER HEAD-UP KAMERA ,3.9 ,18,08/2018,115000,42900,36050
50,1,-,Mercedes-Benz MERCEDES-BENZ GLC 220 d 4Matic Coupé Exclusive,0,0,07/2018,81251,42900,35164
50,2,-,Mercedes-Benz GLC 220 d 4M Coupé Navi+Distr.+LED+Sthz.+Kam+SHD,5 ,3,09/2018,82878,42949,36092
50,3,-,Mercedes-Benz MERCEDES-BENZ GLC 220 d 4Matic Business,0,0,06/2018,35000,42950,42950
50,4,-,"Mercedes-Benz GLC 220 d 4Matic Exclusive DTC+ 19"" FINANZIERUNG",4.6 ,67,09/2019,107172,42950,36092
50,5,-,Mercedes-Benz GLC 220d 4Matic AMG-LINE LED NAVI AHK 360KAMERA,4.9 ,52,07/2018,27000,42990,42990
50,6,-,Mercedes-Benz GLC 220 d AMG Line 4Matic PanoSD+AHK+LED,4.8 ,21,04/2019,34560,42990,42990
50,7,-,Mercedes-Benz GLC 220 d 4Matic+LED+STANDHEIZUNG+AHK,4.9 ,152,12/2019,40300,42990,36126
50,8,-,"Mercedes-Benz GLC 220 d 4M AMG-Line/ILS LED/AHK/20""",4.9 ,61,03/2018,31500,42990,42990
50,9,-,Mercedes-Benz GLC 220 d 4M EXCLUSIVE+DISTRON+LED+KAMERA+SPUR+,4.4 ,40,10/2017,42300,42990,42990
50,10,-,Mercedes-Benz GLC 220d 4Matic,3.8 ,4,10/2019,42294,42990,42990
51,1,-,Mercedes-Benz GLC 220 d 4M Coupe AMG-INT*ACC*LED*SHD*NIGHT*19Z,4.1 ,176,06/2018,58000,42999,36134
51,2,-,Mercedes-Benz GLC 220 d 4M Standhz.360 Distr LED HUD Navi Spur,4.5 ,46,10/2019,64536,43290,36378
51,3,-,Mercedes-Benz GLC 220 d 4M-194 PS-Navi MBUX-Head up-AHK-Kamera,4.7 ,26,07/2019,47940,43316,36400
51,4,-,Mercedes-Benz GLC 220 d 4Matic 9G-TRONIC/360/AHK/Pano/ILS/,4.3 ,20,09/2018,79988,43490,36546
51,5,-,Mercedes-Benz GLC 220 d 4Matic 9G-TRONIC AMG Line/AHK,4.9 ,21,08/2018,52674,43490,43490
51,6,-,Mercedes-Benz GLC 220 d 4M FACELIFT Leder LED Kamera CarPlay,4.8 ,282,12/2019,33914,43700,36723
51,7,-,Mercedes-Benz GLC 220 d 4M AMG Navi AHK LED Tempomat Sitzhzg,4.3 ,36,01/2019,40000,43790,43790
51,8,-,Mercedes-Benz GLC 220 d 4Matic Coupe AMG Line Night-Paket ,4.8 ,48,12/2017,103704,43800,36807
51,9,-,Mercedes-Benz GLC220d4M Cp. AMG+AHK+NIGHT+LED EASYPACK+KAMERA,4.8 ,30,12/2017,99000,43888,43888
51,10,Новое,Mercedes-Benz GLC 220 d 4M 360° Pano LED AHK Totwinkel 9G,4.3 ,70,08/2019,52671,43890,36882
52,1,-,Mercedes-Benz GLC 220 d 4M Busines+Pano+Kam+Navi+LED+el.Heckkl,4.8 ,14,10/2019,65000,43899,36890
52,2,Новое,Mercedes-Benz Mercedes-Benz GLC Coupé  GLC 220 d 4Matic Coupé ,0,0,10/2017,74000,43900,43900
52,3,-,"Mercedes-Benz GLC 220 d 4MATIC SPORTPAKET""NAVICOM.LED-XE.1.HD""",4.7 ,53,12/2019,115000,43900,36891
52,4,-,Mercedes-Benz GLC 220 d 4Matic AMG-Line LED Kamera Night-Paket,4.2 ,73,10/2019,68350,43900,36891
52,5,-,"Mercedes-Benz GLC 220 d Coupé 4Matic *AMG* LED Navi Kamera 19""",4.8 ,26,02/2018,85500,43900,36891
52,6,-,Mercedes-Benz GLC 220 d Coupe 4Matic 9G-TRONIC AMG Line,4.8 ,196,01/2019,120204,43950,36933
52,7,-,Mercedes-Benz GLC 220 d 4M Exclusive +PANO+NAVI+KAMERA+LED+PTS,4.7 ,34,02/2019,33900,43980,36958
52,8,-,Mercedes-Benz GLC 220 d 4Matic AHK LED ,4.7 ,19,08/2019,65900,43990,36966
52,9,-,Mercedes-Benz GLC -Klasse GLC 220 d 4Matic AMG Line Pano AHK,4.9 ,24,11/2019,95500,43999,43999
52,10,-,Mercedes-Benz GLC 220 GLC -Klasse GLC 220 d 4Matic,4.7 ,3,01/2018,60500,44278,34865
53,1,-,Mercedes-Benz GLC 220 GLC -Klasse GLC 220 d 4Matic,5 ,3,12/2019,38000,44419,44419
53,2,-,Mercedes-Benz GLC 220 d 4M AMG*FACELIFT*LED*MBUX*NAVI*KAMERA,4.9 ,9,10/2019,40000,44459,44459
53,3,-,Mercedes-Benz MERCEDES Classe GLC GLC 220 d 4Matic Sport,0,0,11/2019,40000,44500,44500
53,4,-,Mercedes-Benz GLC 220 d 4Matic 9G-TRONIC AMG-Line ,4.9 ,26,11/2019,49000,44570,37454
53,5,-,Mercedes-Benz GLC 220 d 4M AMG °LED°AHK°NAV°TWA°DISTORNIC°PAN°,4.2 ,31,02/2019,61708,44690,44690
53,6,-,Mercedes-Benz GLC 220 d 4M AMG °LED°AHK°NAV°TWA°DISTORNIC°PAN°,4.7 ,26,02/2019,61708,44690,44690
53,7,-,Mercedes-Benz MERCEDES-BENZ GLC 220 d 194 CV 4Matic Sport MY'2,0,0,11/2019,58782,44800,36721
53,8,-,Mercedes-Benz GLC 220 d 4M AHK MULTIBEAM Standh. Kamera MBUX,4.9 ,26,09/2019,29672,44850,37689
53,9,Новое,Mercedes-Benz GLC 220 d 4M AMG*AMBIENTE*EASYPACK*MBUX*LED,4.5 ,14,11/2019,69905,44870,44870
53,10,-,Mercedes-Benz GLC 220 d 4M Coupe / LED / TOTWINKEL / EASY-PACK,4.6 ,39,08/2018,29890,44880,44880
54,1,-,Mercedes-Benz GLC 220 d Cp. 4M AMG LED Night Kamera Navi PTS,4.6 ,70,07/2018,70055,44890,37723
54,2,-,Mercedes-Benz GLC 220 d Cp. 4M AMG LED Night Kamera Navi 9G,4.2 ,30,10/2018,75122,44890,37723
54,3,-,Mercedes-Benz GLC 220 d 4MATIC AMG LED+AMBIENTE+EASYPACK+SHZ,4.5 ,15,06/2019,29000,44890,44890
54,4,Новое,Mercedes-Benz GLC 220d 4Mat AMG LED/DigitalCP/ACC/TWA/ 360°/Qi,4.8 ,14,12/2019,61423,44900,44900
54,5,-,Mercedes-Benz GLC 220 d Coupe 4Matic 9G-TRONIC AMG Line,0,0,08/2018,108000,44900,44900
54,6,-,Mercedes-Benz GLC 220 d 4M OFF ROAD mojavesilber DISTRONIC AHK,4.8 ,282,04/2019,65053,44900,44900
54,7,-,Mercedes-Benz GLC 220 d 4Matic AMG LED PARKTRONIC,5 ,7,03/2019,62483,44900,37417
54,8,-,Mercedes-Benz MERCEDES-BENZ GLC 220 d 4Matic Premium,0,0,04/2019,48800,44950,44950
54,9,Новое,Mercedes-Benz GLC 220 d 4Matic*Offroad-Style*18Zoll*AMG-Int.* ,4.6 ,343,11/2019,60000,44950,37773
54,10,Новое,Mercedes-Benz GLC 220 d 4M AMG Pano Multibeam AHK Kamera EDW,4.1 ,101,08/2019,61084,44970,37790
55,1,Новое,"Mercedes-Benz GLC 220 d Coupe*AMG-LINE*BURMESTER*NIGHT*LED*20""",3.7 ,113,05/2017,38260,44980,44980
55,2,Новое,Mercedes-Benz GLC 220 d 4Matic 9G-TRONIC,0,0,10/2019,23242,45000,45000
55,3,-,Mercedes-Benz MERCEDES Classe GLC GLC 220 d 4Matic Sport,0,0,12/2019,21000,45000,45000
55,4,-,Mercedes-Benz GLC 220 d 4M Offroad Ext+Exclusive+LED+Airma+18',4.8 ,14,10/2019,45000,45189,37974
55,5,Новое,Mercedes-Benz GLC 220 d 4MATIC Coupé,4.2 ,5,08/2018,64800,45363,45363
55,6,-,Mercedes-Benz GLC 220d 4MATIC ACC/LED/Business Pack,0,0,12/2019,33379,45400,45400
55,7,-,Mercedes-Benz GLC 220 d Coupe 4M *LED*DISTRONIC*Standhz*AHK*,4.4 ,44,10/2018,73982,45400,38151
55,8,-,Mercedes-Benz GLC 220 d 4M AMG+Multibeam+HighEnd MBUX+AirBody,4.7 ,116,12/2019,85463,45455,38197
55,9,-,Mercedes-Benz GLC 220 d 4MATIC AMG Line,4.9 ,14,12/2019,34100,45500,45500
55,10,Новое,Mercedes-Benz GLC 220 d 4M AMG-Line*Pano*Distr*Kamera*LED*Spur,4.4 ,16,10/2019,95000,45500,38235
56,1,-,Mercedes-Benz MERCEDES Classe GLC GLC 220 d 4Matic Premium,0,0,06/2019,19108,45590,45590
56,2,-,Mercedes-Benz GLC 220 d 4Matic LED+PANO+AHK+TOTW+KLIMA+AUTO-FE,4.8 ,4,08/2019,45150,45799,38487
56,3,-,Mercedes-Benz GLC 220d 4M COUPÉ LED+DISTR+KEYLESS+PTS+SHZ+SPUR,4.7 ,33,04/2019,70200,45880,38555
56,4,Новое,Mercedes-Benz GLC 220 d 4MATIC,4.5 ,135,09/2019,12000,45890,45890
56,5,-,Mercedes-Benz GLC 220 d 4-Matic*COUPE*AMG PAKKET*OPEN DAK*COMA,4.4 ,6,05/2019,65471,45890,37926
56,6,-,Mercedes-Benz GLC 220 d Cp. 4M AMG 360° COMAND ILS LED SHD,4.2 ,225,04/2018,50376,45890,38563
56,7,-,Mercedes-Benz GLC 220 d 4MATIC AMG ILS+KAMERA+SPURASSYST+NIGHT,4.6 ,70,06/2019,38499,45890,38563
56,8,-,Mercedes-Benz GLC 220 d AMG 4M +LED+KAMERA+SOUND+NIGHT+SHD+SZH,4.5 ,19,04/2017,73000,45900,45900
56,9,-,Mercedes-Benz GLC 220 d 4Matic / AMG / LED / Keyless Go,4.8 ,14,01/2019,19900,45900,45900
56,10,-,Mercedes-Benz GLC 220 d 4Matic AMG Line Aut.*NAVI*CAM*PANO*LED,3.9 ,74,10/2019,54318,45940,45940
57,1,-,Mercedes-Benz GLC 220 d 4MATIC AMG Distronic Pano.-Dach LED,4.4 ,52,03/2019,47400,45950,38613
57,2,Новое,Mercedes-Benz GLC 220 d 4MATIC Coupé,4.2 ,5,12/2017,52600,45958,45958
57,3,-,Mercedes-Benz GLC 220 d 4M 360° Stdhzg Distr LED Sitzh Easy-P,4.2 ,55,11/2019,21954,45990,38647
57,4,-,Mercedes-Benz GLC 220d*4M*ACC*WARRANTY*ISP*CZ*38,4.7 ,38,04/2019,59002,46000,38017
57,5,-,Mercedes-Benz GLC 220 d 4Matic,4 ,17,10/2019,62500,46200,38824
57,6,-,Mercedes-Benz GLC 220 d 4MATIC AMG Line/Pano/AHK/Night Navi,4.7 ,38,11/2018,17450,46290,46290
57,7,-,Mercedes-Benz GLC 220 D Coupe AMG-LINE*NAVI*KAMERA*LED* DAB,4.9 ,84,06/2019,49109,46480,46480
57,8,-,Mercedes-Benz GLC 220 d 4M AMG,4.8 ,28,10/2019,45665,46499,39075
57,9,-,Mercedes-Benz MERCEDES GLC 220 d 4Matic Coupé Sport del 2017,0,0,05/2017,62639,46500,46500
57,10,-,Mercedes-Benz MERCEDES-BENZ GLC 220 d 4Matic Coupé SPORT,0,0,05/2018,41800,46500,38115
58,1,-,Mercedes-Benz GLC -Klasse GLC 220 d 4Matic,4.5 ,31,07/2019,14200,46500,39076
58,2,-,Mercedes-Benz GLC 220 d 4M Coupé AMG LED SHD DISTR BURM NIGHT ,4.4 ,52,07/2018,60005,46750,46750
58,3,-,Mercedes-Benz GLC 220 d 4MATIC Business-Paket MBUX AHK LED,4.5 ,20,09/2019,40808,46750,46750
58,4,-,Mercedes-Benz GLC 220 d 4M AMG+LED+Navi+PDC,4.8 ,14,03/2019,26900,46769,46769
58,5,-,Mercedes-Benz Mercedes-Benz GLC Coupé  220 d 4Matic Coupé*AMG ,0,0,02/2019,73000,46800,38361
58,6,-,Mercedes-Benz GLC 220 d 4M AMG|Pano|StHz|AHK|Cam|MBUX|LM19,4.3 ,27,07/2019,81300,46850,39370
58,7,-,Mercedes-Benz GLC 220 d 4M Kamera*Burmester*LED*Distronic+++++,4.9 ,62,10/2019,37576,46878,39393
58,8,-,Mercedes-Benz GLC 220 d 4M Kamera*Burmester*LED*Distronic+++++,4.8 ,42,10/2019,37576,46878,39393
58,9,-,Mercedes-Benz GLC 220 d 4M Kamera*Burmester*LED*Distronic+++++,4.5 ,76,10/2019,37576,46878,39393
58,10,-,Mercedes-Benz GLC 220 d 4M *NIGHT*MBUX NAVI*PANORAMADACH*HUD*,4.7 ,20,08/2019,57701,46890,46890
59,1,-,Mercedes-Benz GLC 220 d 4M AMG 360° Stdhzg Multibeam Distr.,4.5 ,64,11/2019,45223,46890,39403
59,2,-,Mercedes-Benz GLC 220 d 4Matic 9G-TRONIC AMG Line*Night*Standh,0,0,08/2019,66500,46900,46900
59,3,-,Mercedes-Benz GLC 220 d 4M AMG Night+Comand+Pano+LED+AHK+Distr,4.3 ,20,04/2019,28239,46900,39412
59,4,-,Mercedes-Benz GLC 220 d 4matic AMG Line  Distronic Kamera LED,4.9 ,99,10/2019,41144,46980,39479
59,5,-,Mercedes-Benz GLC 220d/Coupé/4matic/9G/AMG/Distronic/Cam/LED/,4.5 ,5,12/2019,90500,46990,46990
59,6,-,Mercedes-Benz GLC 220 d 4M AMG AHK*Pano*Standh.*Distr.*EasyP.,4.7 ,16,11/2019,37369,46990,46990
59,7,-,Mercedes-Benz GLC 220 d 4M AMG Line 2x+Night+Distron+volldigit,4.4 ,62,11/2019,43841,47399,39831
59,8,-,Mercedes-Benz GLC 220 d Panorama/High-End-Licht/EASY-Pack,4.9 ,304,09/2019,36000,47400,47400
59,9,-,Mercedes-Benz GLC 220 d 4M AMG-Sport/Navi/LED/360/Night/Distr,4.3 ,52,10/2019,69637,47440,39866
59,10,-,Mercedes-Benz GLC 220d 4Matic PANO+LED+RFK+ACC+NAVI+LEDER+ BC,4.2 ,171,11/2019,22640,47560,39966
60,1,-,Mercedes-Benz GLC 220 d 4Matic 9G-TRONIC AMG Line+MBUX+STANDH+,4.8 ,23,10/2019,28000,47590,47590
60,2,-,Mercedes-Benz GLC 220 d 4M AMG Pano Kamera MBUX Navi AHK LED,4.6 ,6,12/2019,49158,47830,40193
60,3,-,Mercedes-Benz GLC 220 d 4M AMG Pano Distr. LED AHK Kamera 9G,4.3 ,58,08/2019,63973,47890,40244
60,4,-,Mercedes-Benz GLC 220 d 4M Exclusiv LED Navi PTS+RüKa AR Totw.,4.7 ,23,11/2019,31250,47890,40244
60,5,Новое,Mercedes-Benz MERCEDES-BENZ GLC 220 d 4Matic Premium - TETTO A,0,0,09/2019,64000,47900,47900
60,6,-,Mercedes-Benz GLC 220 d 4Matic AMG Line*ILS*COMAND*AHK,4.9 ,24,06/2019,69300,47900,47900
60,7,-,Mercedes-Benz GLC 220 d 4Matic*AMG-Line*Off-Road Style*AHK*19Z,4.6 ,343,11/2019,38000,47970,40311
60,8,-,Mercedes-Benz GLC 220 d 4Matic.AMG.PANO.360°KAM.AHK.ACC.LED,4.8 ,50,11/2019,49000,47990,40328
60,9,Новое,Mercedes-Benz GLC 220 d 4M AMG Line Modelljahr 2020+AHK+MBUX-G,4.8 ,17,12/2019,29990,47990,47990
60,10,-,Mercedes-Benz Mercedes-Benz GLC  220 d 4Matic Premium Night - ,0,0,12/2019,21925,47999,39343
61,1,-,Mercedes-Benz GLC 220 d 4M Coupé AMG Line 360° Schiebedach AHK,4.8 ,282,11/2017,59128,48400,40672
61,2,Новое,Mercedes-Benz GLC 220 d 194 PS 4Matic AMG Line+19Zoll+BUSINESS,4.2 ,11,11/2019,46500,48500,40756
61,3,-,Mercedes-Benz GLC 220 d 4M AMG Stdhzg Distr. LED AHK Night 9G,4.1 ,87,09/2019,35091,48890,48890
61,4,-,Mercedes-Benz MERCEDES-BENZ GLC 220 d 4Matic Premium AMG PANOR,0,0,12/2019,29000,48890,40074
61,5,Новое,Mercedes-Benz MERCEDES-BENZ GLC 220 d 4Matic Coupé Sport PARI ,0,0,08/2019,44000,48900,48900
61,6,Новое,Mercedes-Benz MERCEDES-BENZ GLC 220 d 4Matic Coupé Sport PARI ,0,0,08/2019,44000,48900,48900
61,7,-,Mercedes-Benz GLC 220 d 4Matic Exclusive *FACELIFT* PANO LEDER,4.5 ,21,08/2019,65880,48980,41160
61,8,-,Mercedes-Benz GLC 220 d AMG 4M 9G-Tr. *Pano *Virtual *AHK *LED,4.9 ,38,12/2019,41000,48990,48990
61,9,-,"Mercedes-Benz GLC 220d AMG+DISTRO+BURME+NIGHT+AHK+EASYPACK+19""",4.2 ,14,07/2019,74944,49440,41546
61,10,Новое,Mercedes-Benz MERCEDES-BENZ GLC 220 d 4Matic Coupé Sport SOLO ,0,0,04/2019,56000,49500,40574
62,1,-,Mercedes-Benz Mercedes-Benz GLC 220d 4M AMG Pano AHK Dis...,0,0,11/2019,44500,49500,49500
62,2,-,Mercedes-Benz GLC 220d Coupe 4M AMG/PANO/TRITT/360/19/SIDE/LED,4 ,108,05/2019,96515,49530,41622
62,3,-,"Mercedes-Benz GLC 220 d 4Matic EXCLUSIVE""PANO""AHK""LED""KEYL-GO""",4.9 ,156,11/2019,38400,49590,41672
62,4,-,Mercedes-Benz GLC 220 d 4M AMG Line 9G+Multibeam+MBUX+Soundsys,4.7 ,46,12/2019,46475,49690,41756
62,5,-,Mercedes-Benz GLC 220 d 4Matic Burmester AMG Line TOP 1 Hand,4.5 ,9,10/2019,34350,49849,41890
62,6,-,Mercedes-Benz GLC 220 d 4M 360° Stdhzg Pano Multibeam Distr.,4.4 ,116,09/2019,25053,49870,41908
62,7,Новое,Mercedes-Benz GLC 220 d 4matic AMG Line  Night Volldigital LED,4.9 ,160,08/2019,67688,49880,41916
62,8,Новое,Mercedes-Benz GLC 220 d 4M AMG 360° Stdhzg Pano Multibeam 9G,4.3 ,35,07/2019,39593,49890,41924
62,9,Новое,Mercedes-Benz Mercedes-Benz GLC  220 d 4Matic Premium,0,0,11/2019,79850,49900,49900
62,10,-,Mercedes-Benz GLC 220 d 4M AMG 360°KAMERA-PANO-DISTRONIC-M LED,4.8 ,104,08/2019,53800,49900,41933
63,1,-,Mercedes-Benz MERCEDES GLC 220 d 4Matic Premium Plus,0,0,08/2019,45000,49900,40902
63,2,-,Mercedes-Benz GLC 220 d Coupe 4Matic  Exclusive ,0,0,10/2018,48500,49900,49900
63,3,-,Mercedes-Benz GLC 220 d 4Matic AMG Styling,4.6 ,3,11/2019,20500,49900,49900
63,4,-,Mercedes-Benz GLC 220 d 4Matic 9G-TRONIC AMG Line,0,0,12/2019,59153,49999,49999
63,5,-,Mercedes-Benz GLC 220 d Coupe AMG Sport 4M AHK LED Navi Kamera,4.5 ,95,02/2019,48012,50590,42513
63,6,-,Mercedes-Benz MERCEDES-BENZ GLC 220 d 4Matic Premium Navi,0,0,12/2019,15531,51800,42459
63,7,-,Mercedes-Benz GLC 220 d 4M Coupé *AMG*NAVI*DISTRONIC*360°*AHK*,4.6 ,29,12/2019,45857,51880,51880
63,8,-,Mercedes-Benz GLC 220 d 4M AMG Sport Navi AHK Stand Kamera Wid,4.4 ,58,10/2019,43800,51899,43613
63,9,Новое,Mercedes-Benz MERCEDES-BENZ GLC 220 d 4Matic Coupé Premium,0,0,11/2019,45000,51900,51900
63,10,-,Mercedes-Benz MERCEDES-BENZ GLC 220 d 4Matic Premium Plus AMG ,0,0,10/2019,75647,51900,42541
64,1,-,Mercedes-Benz MERCEDES-BENZ GLC 220 d 4Matic Premium AMG Pedan,0,0,09/2019,30100,51900,42541
64,2,-,Mercedes-Benz GLC 220 d 4M AMG-Line+Night+AHK+KEYLESS+MBUX+LED,4.5 ,22,10/2019,41304,51939,43646
64,3,-,Mercedes-Benz MERCEDES-BENZ GLC 220 d 4Matic Coupé Premium AMG,0,0,09/2019,84000,51990,51990
64,4,-,Mercedes-Benz GLC 220 d 4M Coupé AMG NIGHT AHK-LED-RFK-SHZ-DAB,4.8 ,89,04/2019,24191,52390,52390
64,5,Новое,Mercedes-Benz GLC 220 d 4MATIC Coupé,4.2 ,5,09/2019,58400,52410,43675
64,6,-,Mercedes-Benz GLC 220 d 4M Cp AMG Sport Night Spur Wide 19'',4.4 ,58,07/2019,63527,52899,44453
64,7,-,Mercedes-Benz GLC 220 d 4M Cp AMG Sport Distr Burmes Wide Kame,4.4 ,58,10/2019,76680,53899,45293
64,8,-,Mercedes-Benz Mercedes-Benz Classe GLC Coupé GLC 220 d 4Matic ,0,0,10/2019,78134,54500,54500
64,9,-,Mercedes-Benz GLC 220 d AMG Night MBUX-AR Multib. Pano Distro ,4.7 ,116,09/2019,58358,54890,46126
64,10,Новое,Mercedes-Benz GLC 220 d Coupe 4M AMG Line 1.H+MBUX+DISTR+R20,4.5 ,72,08/2019,30584,54900,54900
65,1,Новое,Mercedes-Benz MERCEDES-BENZ GLC 250 d 4Matic Sport 250D COUPE',0,0,04/2019,68345,55000,55000
65,2,-,Mercedes-Benz GLC 220 d 4Matic 9G-TRONIC,0,0,12/2018,86950,55000,55000
65,3,-,Mercedes-Benz MERCEDES-BENZ GLC 220 d 4Matic Premium,0,0,12/2019,9753,55000,55000
65,4,-,Mercedes-Benz GLC 220 d 4M Coupé AMG Line 2x+360°+LED+AHK+MBUX,4.4 ,62,12/2019,49981,55899,46974
65,5,-,Mercedes-Benz GLC 220 d 4M Coupé AMG Line 2x+360°+LED+AHK+MBUX,4.4 ,62,12/2019,49981,55899,46974
65,6,-,Mercedes-Benz Mercedes-Benz Classe GLC Coupé GLC 220 d 4Matic ,0,0,12/2019,33390,56500,56500
65,7,-,Mercedes-Benz MERCEDES-BENZ GLC 220 d 4Matic Coupé Premium iva,0,0,08/2019,39200,56999,46720
65,8,Новое,Mercedes-Benz GLC 220 d 4MATIC 4- Matik,4.2 ,5,10/2019,31650,57450,47875
65,9,-,Mercedes-Benz MERCEDES-BENZ GLC 220 d 4Matic Premium Plus     ,0,0,12/2019,69000,58000,58000
65,10,-,Mercedes-Benz MERCEDES-BENZ GLC 220 d 4Matic Coupé Premium AMG,0,0,10/2019,54619,62990,51631
